[debug] [2025-10-22T17:06:30.673Z] ----------------------------------------------------------------------
[debug] [2025-10-22T17:06:30.685Z] Command:       C:\Program Files\nodejs\node.exe C:\Users\smuno\AppData\Roaming\npm\node_modules\firebase-tools\lib\bin\firebase.js deploy --only functions:adminUpload --project ceso-aphis-yuc
[debug] [2025-10-22T17:06:30.685Z] CLI Version:   14.20.0
[debug] [2025-10-22T17:06:30.685Z] Platform:      win32
[debug] [2025-10-22T17:06:30.686Z] Node Version:  v22.20.0
[debug] [2025-10-22T17:06:30.686Z] Time:          Wed Oct 22 2025 11:06:30 GMT-0600 (hora estándar central)
[debug] [2025-10-22T17:06:30.686Z] ----------------------------------------------------------------------
[debug] 
[debug] [2025-10-22T17:06:30.995Z] > command requires scopes: ["email","openid","https://www.googleapis.com/auth/cloudplatformprojects.readonly","https://www.googleapis.com/auth/firebase","https://www.googleapis.com/auth/cloud-platform"]
[debug] [2025-10-22T17:06:30.996Z] > authorizing via signed-in user (smunozam@gmail.com)
[debug] [2025-10-22T17:06:30.996Z] [iam] checking project ceso-aphis-yuc for permissions ["cloudfunctions.functions.create","cloudfunctions.functions.delete","cloudfunctions.functions.get","cloudfunctions.functions.list","cloudfunctions.functions.update","cloudfunctions.operations.get","firebase.projects.get"]
[debug] [2025-10-22T17:06:30.998Z] Checked if tokens are valid: true, expires at: 1761155918117
[debug] [2025-10-22T17:06:30.998Z] Checked if tokens are valid: true, expires at: 1761155918117
[debug] [2025-10-22T17:06:30.999Z] >>> [apiv2][query] POST https://cloudresourcemanager.googleapis.com/v1/projects/ceso-aphis-yuc:testIamPermissions [none]
[debug] [2025-10-22T17:06:30.999Z] >>> [apiv2][(partial)header] POST https://cloudresourcemanager.googleapis.com/v1/projects/ceso-aphis-yuc:testIamPermissions x-goog-quota-user=projects/ceso-aphis-yuc
[debug] [2025-10-22T17:06:31.000Z] >>> [apiv2][body] POST https://cloudresourcemanager.googleapis.com/v1/projects/ceso-aphis-yuc:testIamPermissions {"permissions":["cloudfunctions.functions.create","cloudfunctions.functions.delete","cloudfunctions.functions.get","cloudfunctions.functions.list","cloudfunctions.functions.update","cloudfunctions.operations.get","firebase.projects.get"]}
[debug] [2025-10-22T17:06:31.329Z] <<< [apiv2][status] POST https://cloudresourcemanager.googleapis.com/v1/projects/ceso-aphis-yuc:testIamPermissions 200
[debug] [2025-10-22T17:06:31.329Z] <<< [apiv2][body] POST https://cloudresourcemanager.googleapis.com/v1/projects/ceso-aphis-yuc:testIamPermissions {"permissions":["cloudfunctions.functions.create","cloudfunctions.functions.delete","cloudfunctions.functions.get","cloudfunctions.functions.list","cloudfunctions.functions.update","cloudfunctions.operations.get","firebase.projects.get"]}
[debug] [2025-10-22T17:06:31.329Z] Checked if tokens are valid: true, expires at: 1761155918117
[debug] [2025-10-22T17:06:31.330Z] Checked if tokens are valid: true, expires at: 1761155918117
[debug] [2025-10-22T17:06:31.330Z] >>> [apiv2][query] POST https://iam.googleapis.com/v1/projects/ceso-aphis-yuc/serviceAccounts/ceso-aphis-yuc@appspot.gserviceaccount.com:testIamPermissions [none]
[debug] [2025-10-22T17:06:31.330Z] >>> [apiv2][body] POST https://iam.googleapis.com/v1/projects/ceso-aphis-yuc/serviceAccounts/ceso-aphis-yuc@appspot.gserviceaccount.com:testIamPermissions {"permissions":["iam.serviceAccounts.actAs"]}
[debug] [2025-10-22T17:06:31.737Z] <<< [apiv2][status] POST https://iam.googleapis.com/v1/projects/ceso-aphis-yuc/serviceAccounts/ceso-aphis-yuc@appspot.gserviceaccount.com:testIamPermissions 200
[debug] [2025-10-22T17:06:31.738Z] <<< [apiv2][body] POST https://iam.googleapis.com/v1/projects/ceso-aphis-yuc/serviceAccounts/ceso-aphis-yuc@appspot.gserviceaccount.com:testIamPermissions {"permissions":["iam.serviceAccounts.actAs"]}
[info] 
[info] === Deploying to 'ceso-aphis-yuc'...
[info] 
[info] i  deploying functions 
[debug] [2025-10-22T17:06:31.744Z] Checked if tokens are valid: true, expires at: 1761155918117
[debug] [2025-10-22T17:06:31.744Z] Checked if tokens are valid: true, expires at: 1761155918117
[debug] [2025-10-22T17:06:31.744Z] >>> [apiv2][query] GET https://cloudresourcemanager.googleapis.com/v1/projects/ceso-aphis-yuc [none]
[debug] [2025-10-22T17:06:31.842Z] <<< [apiv2][status] GET https://cloudresourcemanager.googleapis.com/v1/projects/ceso-aphis-yuc 200
[debug] [2025-10-22T17:06:31.842Z] <<< [apiv2][body] GET https://cloudresourcemanager.googleapis.com/v1/projects/ceso-aphis-yuc {"projectNumber":"584773462235","projectId":"ceso-aphis-yuc","lifecycleState":"ACTIVE","name":"ceso-aphis-yuc","labels":{"firebase":"enabled","firebase-core":"disabled"},"createTime":"2025-10-04T21:32:18.474810Z"}
[info] i  functions: preparing codebase default for deployment 
[info] i  functions: ensuring required API cloudfunctions.googleapis.com is enabled... 
[info] i  functions: ensuring required API cloudbuild.googleapis.com is enabled... 
[info] i  artifactregistry: ensuring required API artifactregistry.googleapis.com is enabled... 
[debug] [2025-10-22T17:06:31.848Z] Checked if tokens are valid: true, expires at: 1761155918117
[debug] [2025-10-22T17:06:31.848Z] Checked if tokens are valid: true, expires at: 1761155918117
[debug] [2025-10-22T17:06:31.848Z] >>> [apiv2][query] GET https://firebase.googleapis.com/v1beta1/projects/ceso-aphis-yuc/adminSdkConfig [none]
[debug] [2025-10-22T17:06:32.206Z] <<< [apiv2][status] GET https://firebase.googleapis.com/v1beta1/projects/ceso-aphis-yuc/adminSdkConfig 200
[debug] [2025-10-22T17:06:32.206Z] <<< [apiv2][body] GET https://firebase.googleapis.com/v1beta1/projects/ceso-aphis-yuc/adminSdkConfig {"projectId":"ceso-aphis-yuc","storageBucket":"ceso-aphis-yuc.firebasestorage.app"}
[debug] [2025-10-22T17:06:32.207Z] Checked if tokens are valid: true, expires at: 1761155918117
[debug] [2025-10-22T17:06:32.208Z] Checked if tokens are valid: true, expires at: 1761155918117
[debug] [2025-10-22T17:06:32.208Z] >>> [apiv2][query] GET https://runtimeconfig.googleapis.com/v1beta1/projects/ceso-aphis-yuc/configs [none]
[debug] [2025-10-22T17:06:32.601Z] <<< [apiv2][status] GET https://runtimeconfig.googleapis.com/v1beta1/projects/ceso-aphis-yuc/configs 200
[debug] [2025-10-22T17:06:32.602Z] <<< [apiv2][body] GET https://runtimeconfig.googleapis.com/v1beta1/projects/ceso-aphis-yuc/configs {"configs":[{"name":"projects/ceso-aphis-yuc/configs/admin"}]}
[debug] [2025-10-22T17:06:32.602Z] Checked if tokens are valid: true, expires at: 1761155918117
[debug] [2025-10-22T17:06:32.602Z] Checked if tokens are valid: true, expires at: 1761155918117
[debug] [2025-10-22T17:06:32.603Z] >>> [apiv2][query] GET https://runtimeconfig.googleapis.com/v1beta1/projects/ceso-aphis-yuc/configs/admin/variables [none]
[debug] [2025-10-22T17:06:32.795Z] <<< [apiv2][status] GET https://runtimeconfig.googleapis.com/v1beta1/projects/ceso-aphis-yuc/configs/admin/variables 200
[debug] [2025-10-22T17:06:32.795Z] <<< [apiv2][body] GET https://runtimeconfig.googleapis.com/v1beta1/projects/ceso-aphis-yuc/configs/admin/variables {"variables":[{"name":"projects/ceso-aphis-yuc/configs/admin/variables/key","updateTime":"2025-10-22T16:58:46.001781381Z"}]}
[debug] [2025-10-22T17:06:32.795Z] Checked if tokens are valid: true, expires at: 1761155918117
[debug] [2025-10-22T17:06:32.796Z] Checked if tokens are valid: true, expires at: 1761155918117
[debug] [2025-10-22T17:06:32.796Z] >>> [apiv2][query] GET https://runtimeconfig.googleapis.com/v1beta1/projects/ceso-aphis-yuc/configs/admin/variables/key [none]
[debug] [2025-10-22T17:06:32.989Z] <<< [apiv2][status] GET https://runtimeconfig.googleapis.com/v1beta1/projects/ceso-aphis-yuc/configs/admin/variables/key 200
[debug] [2025-10-22T17:06:32.989Z] <<< [apiv2][body] GET https://runtimeconfig.googleapis.com/v1beta1/projects/ceso-aphis-yuc/configs/admin/variables/key {"name":"projects/ceso-aphis-yuc/configs/admin/variables/key","updateTime":"2025-10-22T16:58:46.001781381Z","text":"REPLACE_WITH_STRONG_KEY"}
[debug] [2025-10-22T17:06:32.993Z] Validating nodejs source
[warn] !  functions: Runtime Node.js 18 was deprecated on 2025-04-30 and will be decommissioned on 2025-10-30, after which you will not be able to deploy without upgrading. Consider upgrading now to avoid disruption. See https://cloud.google.com/functions/docs/runtime-support for full details on the lifecycle policy 
[warn] !  functions: package.json indicates an outdated version of firebase-functions. Please upgrade using npm install --save firebase-functions@latest in your functions directory. 
[warn] !  functions: Please note that there will be breaking changes when you upgrade. 
[debug] [2025-10-22T17:06:36.046Z] > [functions] package.json contents: {
  "name": "functions",
  "version": "1.0.0",
  "description": "Cloud Functions for Centro de Consulta",
  "main": "index.js",
  "scripts": {
    "lint": "eslint .",
    "serve": "firebase emulators:start --only functions",
    "shell": "firebase functions:shell",
    "start": "npm run shell",
    "deploy": "firebase deploy --only functions",
    "logs": "firebase functions:log"
  },
  "engines": {
    "node": "18"
  },
  "dependencies": {
    "firebase-admin": "^13.5.0",
    "firebase-functions": "^4.4.0",
    "cors": "^2.8.5"
  },
  "devDependencies": {
    "eslint": "^8.15.0",
    "eslint-config-google": "^0.14.0",
    "firebase-functions-test": "^3.1.0"
  },
  "private": true
}
[debug] [2025-10-22T17:06:36.047Z] Building nodejs source
[info] i  functions: Loading and analyzing source code for codebase default to determine what to deploy 
[info] i  functions: You are using a version of firebase-functions SDK (4.9.0) that does not have support for the newest Firebase Extensions features. Please update firebase-functions SDK to >=5.1.0 to use them correctly 
[debug] [2025-10-22T17:06:36.050Z] Could not find functions.yaml. Must use http discovery
[debug] [2025-10-22T17:06:36.067Z] Found firebase-functions binary at 'C:\proyectos\tb-yucatan_new_web_app\functions\node_modules\.bin\firebase-functions'
[info] Serving at port 8039

[debug] [2025-10-22T17:06:37.656Z] Got response from /__/functions.yaml {"endpoints":{"adminUpload":{"platform":"gcfv1","availableMemoryMb":null,"timeoutSeconds":null,"minInstances":null,"maxInstances":null,"ingressSettings":null,"serviceAccountEmail":null,"vpc":null,"httpsTrigger":{},"entryPoint":"adminUpload"}},"specVersion":"v1alpha1","requiredAPIs":[]}
[info] i  functions: preparing functions directory for uploading... 
[info] i  functions: packaged C:\proyectos\tb-yucatan_new_web_app\functions (44.61 KB) for uploading 
[debug] [2025-10-22T17:06:41.792Z] Checked if tokens are valid: true, expires at: 1761155918117
[debug] [2025-10-22T17:06:41.792Z] Checked if tokens are valid: true, expires at: 1761155918117
[debug] [2025-10-22T17:06:41.792Z] >>> [apiv2][query] GET https://cloudfunctions.googleapis.com/v1/projects/ceso-aphis-yuc/locations/-/functions [none]
[debug] [2025-10-22T17:06:42.384Z] <<< [apiv2][status] GET https://cloudfunctions.googleapis.com/v1/projects/ceso-aphis-yuc/locations/-/functions 200
[debug] [2025-10-22T17:06:42.385Z] <<< [apiv2][body] GET https://cloudfunctions.googleapis.com/v1/projects/ceso-aphis-yuc/locations/-/functions {}
[debug] [2025-10-22T17:06:42.385Z] Checked if tokens are valid: true, expires at: 1761155918117
[debug] [2025-10-22T17:06:42.385Z] Checked if tokens are valid: true, expires at: 1761155918117
[debug] [2025-10-22T17:06:42.386Z] >>> [apiv2][query] GET https://cloudfunctions.googleapis.com/v2/projects/ceso-aphis-yuc/locations/-/functions filter=environment%3D%22GEN_2%22
[debug] [2025-10-22T17:06:42.774Z] <<< [apiv2][status] GET https://cloudfunctions.googleapis.com/v2/projects/ceso-aphis-yuc/locations/-/functions 200
[debug] [2025-10-22T17:06:42.774Z] <<< [apiv2][body] GET https://cloudfunctions.googleapis.com/v2/projects/ceso-aphis-yuc/locations/-/functions {"functions":[{"name":"projects/ceso-aphis-yuc/locations/us-central1/functions/setCustomUserRole","buildConfig":{"build":"projects/584773462235/locations/us-central1/builds/80adacad-fdcf-4019-b1f3-b35540604092","runtime":"nodejs22","entryPoint":"setCustomUserRole","source":{"storageSource":{"bucket":"gcf-v2-sources-584773462235-us-central1","object":"setCustomUserRole/function-source.zip","generation":"1761003231827502"}},"environmentVariables":{"GOOGLE_NODE_RUN_SCRIPTS":""},"dockerRepository":"projects/ceso-aphis-yuc/locations/us-central1/repositories/gcf-artifacts","sourceProvenance":{"resolvedStorageSource":{"bucket":"gcf-v2-sources-584773462235-us-central1","object":"setCustomUserRole/function-source.zip","generation":"1761003231827502"}},"dockerRegistry":"ARTIFACT_REGISTRY","serviceAccount":"projects/ceso-aphis-yuc/serviceAccounts/584773462235-compute@developer.gserviceaccount.com","automaticUpdatePolicy":{}},"serviceConfig":{"service":"projects/ceso-aphis-yuc/locations/us-central1/services/setcustomuserrole","timeoutSeconds":60,"environmentVariables":{"FIREBASE_CONFIG":"{\"projectId\":\"ceso-aphis-yuc\",\"storageBucket\":\"ceso-aphis-yuc.firebasestorage.app\"}","GCLOUD_PROJECT":"ceso-aphis-yuc","EVENTARC_CLOUD_EVENT_SOURCE":"projects/ceso-aphis-yuc/locations/us-central1/services/setCustomUserRole","FUNCTION_TARGET":"setCustomUserRole","LOG_EXECUTION_ID":"true"},"maxInstanceCount":20,"ingressSettings":"ALLOW_ALL","uri":"https://setcustomuserrole-nk5y4ez3fq-uc.a.run.app","serviceAccountEmail":"584773462235-compute@developer.gserviceaccount.com","availableMemory":"256Mi","allTrafficOnLatestRevision":true,"revision":"setcustomuserrole-00001-vip","maxInstanceRequestConcurrency":80,"availableCpu":"1"},"state":"ACTIVE","updateTime":"2025-10-20T23:35:31.612160360Z","labels":{"deployment-tool":"cli-firebase","deployment-callable":"true","firebase-functions-hash":"a24d144de07bee6e1238e7fcd42f9e6e1dc0d9c3"},"environment":"GEN_2","url":"https://us-central1-ceso-aphis-yuc.cloudfunctions.net/setCustomUserRole","createTime":"2025-10-20T23:33:52.097563898Z","satisfiesPzi":true}]}
[debug] [2025-10-22T17:06:42.780Z] Checked if tokens are valid: true, expires at: 1761155918117
[debug] [2025-10-22T17:06:42.780Z] Checked if tokens are valid: true, expires at: 1761155918117
[debug] [2025-10-22T17:06:42.780Z] >>> [apiv2][query] GET https://cloudresourcemanager.googleapis.com/v1/projects/ceso-aphis-yuc [none]
[debug] [2025-10-22T17:06:43.033Z] <<< [apiv2][status] GET https://cloudresourcemanager.googleapis.com/v1/projects/ceso-aphis-yuc 200
[debug] [2025-10-22T17:06:43.034Z] <<< [apiv2][body] GET https://cloudresourcemanager.googleapis.com/v1/projects/ceso-aphis-yuc {"projectNumber":"584773462235","projectId":"ceso-aphis-yuc","lifecycleState":"ACTIVE","name":"ceso-aphis-yuc","labels":{"firebase":"enabled","firebase-core":"disabled"},"createTime":"2025-10-04T21:32:18.474810Z"}
[debug] [2025-10-22T17:06:43.035Z] [functions] found 1 new HTTP functions, testing setIamPolicy permission...
[debug] [2025-10-22T17:06:43.035Z] Checked if tokens are valid: true, expires at: 1761155918117
[debug] [2025-10-22T17:06:43.035Z] Checked if tokens are valid: true, expires at: 1761155918117
[debug] [2025-10-22T17:06:43.035Z] >>> [apiv2][query] POST https://cloudresourcemanager.googleapis.com/v1/projects/ceso-aphis-yuc:testIamPermissions [none]
[debug] [2025-10-22T17:06:43.035Z] >>> [apiv2][(partial)header] POST https://cloudresourcemanager.googleapis.com/v1/projects/ceso-aphis-yuc:testIamPermissions x-goog-quota-user=projects/ceso-aphis-yuc
[debug] [2025-10-22T17:06:43.035Z] >>> [apiv2][body] POST https://cloudresourcemanager.googleapis.com/v1/projects/ceso-aphis-yuc:testIamPermissions {"permissions":["cloudfunctions.functions.setIamPolicy"]}
[debug] [2025-10-22T17:06:43.119Z] <<< [apiv2][status] POST https://cloudresourcemanager.googleapis.com/v1/projects/ceso-aphis-yuc:testIamPermissions 200
[debug] [2025-10-22T17:06:43.119Z] <<< [apiv2][body] POST https://cloudresourcemanager.googleapis.com/v1/projects/ceso-aphis-yuc:testIamPermissions {"permissions":["cloudfunctions.functions.setIamPolicy"]}
[debug] [2025-10-22T17:06:43.119Z] [functions] found setIamPolicy permission, proceeding with deploy
[debug] [2025-10-22T17:06:43.120Z] Checked if tokens are valid: true, expires at: 1761155918117
[debug] [2025-10-22T17:06:43.120Z] Checked if tokens are valid: true, expires at: 1761155918117
[debug] [2025-10-22T17:06:43.120Z] >>> [apiv2][query] POST https://cloudfunctions.googleapis.com/v1/projects/ceso-aphis-yuc/locations/us-central1/functions:generateUploadUrl [none]
[debug] [2025-10-22T17:06:43.120Z] >>> [apiv2][body] POST https://cloudfunctions.googleapis.com/v1/projects/ceso-aphis-yuc/locations/us-central1/functions:generateUploadUrl {}
[debug] [2025-10-22T17:06:54.087Z] <<< [apiv2][status] POST https://cloudfunctions.googleapis.com/v1/projects/ceso-aphis-yuc/locations/us-central1/functions:generateUploadUrl 200
[debug] [2025-10-22T17:06:54.087Z] <<< [apiv2][body] POST https://cloudfunctions.googleapis.com/v1/projects/ceso-aphis-yuc/locations/us-central1/functions:generateUploadUrl {"uploadUrl":"https://storage.googleapis.com/uploads-362328785189.us-central1.cloudfunctions.appspot.com/93ab30bc-09f8-4b88-8e31-3f56fa6e2654.zip?GoogleAccessId=service-584773462235@gcf-admin-robot.iam.gserviceaccount.com&Expires=1761154616&Signature=YMDDw%2BS%2BMzH3dKTerA%2FTLBeitdkh83GhQThkZUmlRuLYI0Djv9sOjY7NStNfl26fW2kKDfj1PRxzj4Q0h%2B058YX2qFnupRR2fwGRA0Fe%2B7sokGMbiB7kNXyAMftcZchoglFgRHF%2FDl3OxPp7PVljnqZuS7or9Gh%2BbM1inwlRaYRk%2Bw%2F%2Fp4VxfFbLEZAnL5fXi3NAmDAcgCPHnpciwSoqaOixHyWdon1LEFVW0nhwV1mldSxgqB8Jk1TazrWoP7U6alnCefu6qkuJDbr0pWG5Yq%2B8csO9Kni9CjcBruOeTq98ZgIlITC7oSvGRBO8lh9GeGMmLRkJUM2qFsV3HObn0A%3D%3D"}
[debug] [2025-10-22T17:06:54.089Z] >>> [apiv2][query] PUT https://storage.googleapis.com/uploads-362328785189.us-central1.cloudfunctions.appspot.com/93ab30bc-09f8-4b88-8e31-3f56fa6e2654.zip GoogleAccessId=service-584773462235%40gcf-admin-robot.iam.gserviceaccount.com&Expires=1761154616&Signature=YMDDw%2BS%2BMzH3dKTerA%2FTLBeitdkh83GhQThkZUmlRuLYI0Djv9sOjY7NStNfl26fW2kKDfj1PRxzj4Q0h%2B058YX2qFnupRR2fwGRA0Fe%2B7sokGMbiB7kNXyAMftcZchoglFgRHF%2FDl3OxPp7PVljnqZuS7or9Gh%2BbM1inwlRaYRk%2Bw%2F%2Fp4VxfFbLEZAnL5fXi3NAmDAcgCPHnpciwSoqaOixHyWdon1LEFVW0nhwV1mldSxgqB8Jk1TazrWoP7U6alnCefu6qkuJDbr0pWG5Yq%2B8csO9Kni9CjcBruOeTq98ZgIlITC7oSvGRBO8lh9GeGMmLRkJUM2qFsV3HObn0A%3D%3D
[debug] [2025-10-22T17:06:54.089Z] >>> [apiv2][body] PUT https://storage.googleapis.com/uploads-362328785189.us-central1.cloudfunctions.appspot.com/93ab30bc-09f8-4b88-8e31-3f56fa6e2654.zip [stream]
[debug] [2025-10-22T17:06:55.321Z] <<< [apiv2][status] PUT https://storage.googleapis.com/uploads-362328785189.us-central1.cloudfunctions.appspot.com/93ab30bc-09f8-4b88-8e31-3f56fa6e2654.zip 200
[debug] [2025-10-22T17:06:55.322Z] <<< [apiv2][body] PUT https://storage.googleapis.com/uploads-362328785189.us-central1.cloudfunctions.appspot.com/93ab30bc-09f8-4b88-8e31-3f56fa6e2654.zip [omitted]
[info] +  functions: functions source uploaded successfully 
[info] i  functions: creating Node.js 18 (1st Gen) function adminUpload(us-central1)... 
[debug] [2025-10-22T17:06:55.335Z] Checked if tokens are valid: true, expires at: 1761155918117
[debug] [2025-10-22T17:06:55.336Z] Checked if tokens are valid: true, expires at: 1761155918117
[debug] [2025-10-22T17:06:55.336Z] >>> [apiv2][query] POST https://cloudfunctions.googleapis.com/v1/projects/ceso-aphis-yuc/locations/us-central1/functions [none]
[debug] [2025-10-22T17:06:55.337Z] >>> [apiv2][body] POST https://cloudfunctions.googleapis.com/v1/projects/ceso-aphis-yuc/locations/us-central1/functions {"name":"projects/ceso-aphis-yuc/locations/us-central1/functions/adminUpload","sourceUploadUrl":"https://storage.googleapis.com/uploads-362328785189.us-central1.cloudfunctions.appspot.com/93ab30bc-09f8-4b88-8e31-3f56fa6e2654.zip?GoogleAccessId=service-584773462235@gcf-admin-robot.iam.gserviceaccount.com&Expires=1761154616&Signature=YMDDw%2BS%2BMzH3dKTerA%2FTLBeitdkh83GhQThkZUmlRuLYI0Djv9sOjY7NStNfl26fW2kKDfj1PRxzj4Q0h%2B058YX2qFnupRR2fwGRA0Fe%2B7sokGMbiB7kNXyAMftcZchoglFgRHF%2FDl3OxPp7PVljnqZuS7or9Gh%2BbM1inwlRaYRk%2Bw%2F%2Fp4VxfFbLEZAnL5fXi3NAmDAcgCPHnpciwSoqaOixHyWdon1LEFVW0nhwV1mldSxgqB8Jk1TazrWoP7U6alnCefu6qkuJDbr0pWG5Yq%2B8csO9Kni9CjcBruOeTq98ZgIlITC7oSvGRBO8lh9GeGMmLRkJUM2qFsV3HObn0A%3D%3D","entryPoint":"adminUpload","runtime":"nodejs18","dockerRegistry":"ARTIFACT_REGISTRY","labels":{"deployment-tool":"cli-firebase","firebase-functions-hash":"b228319acf56b158f0ef2600334c162d53250b50"},"httpsTrigger":{"securityLevel":"SECURE_ALWAYS"},"minInstances":null,"maxInstances":null,"ingressSettings":null,"environmentVariables":{"FIREBASE_CONFIG":"{\"projectId\":\"ceso-aphis-yuc\",\"storageBucket\":\"ceso-aphis-yuc.firebasestorage.app\"}","GCLOUD_PROJECT":"ceso-aphis-yuc","EVENTARC_CLOUD_EVENT_SOURCE":"projects/ceso-aphis-yuc/locations/us-central1/functions/adminUpload"},"serviceAccountEmail":null,"availableMemoryMb":null,"timeout":null,"vpcConnector":null,"vpcConnectorEgressSettings":null,"buildEnvironmentVariables":{"GOOGLE_NODE_RUN_SCRIPTS":""}}
[debug] [2025-10-22T17:06:56.130Z] <<< [apiv2][status] POST https://cloudfunctions.googleapis.com/v1/projects/ceso-aphis-yuc/locations/us-central1/functions 200
[debug] [2025-10-22T17:06:56.133Z] <<< [apiv2][body] POST https://cloudfunctions.googleapis.com/v1/projects/ceso-aphis-yuc/locations/us-central1/functions {"name":"operations/cHJvamVjdHMvY2Vzby1hcGhpcy15dWMvbG9jYXRpb25zL3VzLWNlbnRyYWwxL29wZXJhdGlvbnMvb3BlcmF0aW9uLTE3NjExNTI4MTgwMjAtNjQxYzI1ODFjZmVjNS0xMmFiN2NlMy1hNTEwNWRlOA","metadata":{"@type":"type.googleapis.com/google.cloud.functions.v1.OperationMetadataV1","target":"projects/ceso-aphis-yuc/locations/us-central1/functions/adminUpload","updateTime":"2025-10-22T17:06:58.544876812Z"}}
[debug] [2025-10-22T17:06:56.137Z] Checked if tokens are valid: true, expires at: 1761155918117
[debug] [2025-10-22T17:06:56.137Z] Checked if tokens are valid: true, expires at: 1761155918117
[debug] [2025-10-22T17:06:56.139Z] >>> [apiv2][query] GET https://cloudfunctions.googleapis.com/v1/operations/cHJvamVjdHMvY2Vzby1hcGhpcy15dWMvbG9jYXRpb25zL3VzLWNlbnRyYWwxL29wZXJhdGlvbnMvb3BlcmF0aW9uLTE3NjExNTI4MTgwMjAtNjQxYzI1ODFjZmVjNS0xMmFiN2NlMy1hNTEwNWRlOA [none]
[debug] [2025-10-22T17:06:56.336Z] <<< [apiv2][status] GET https://cloudfunctions.googleapis.com/v1/operations/cHJvamVjdHMvY2Vzby1hcGhpcy15dWMvbG9jYXRpb25zL3VzLWNlbnRyYWwxL29wZXJhdGlvbnMvb3BlcmF0aW9uLTE3NjExNTI4MTgwMjAtNjQxYzI1ODFjZmVjNS0xMmFiN2NlMy1hNTEwNWRlOA 200
[debug] [2025-10-22T17:06:56.338Z] <<< [apiv2][body] GET https://cloudfunctions.googleapis.com/v1/operations/cHJvamVjdHMvY2Vzby1hcGhpcy15dWMvbG9jYXRpb25zL3VzLWNlbnRyYWwxL29wZXJhdGlvbnMvb3BlcmF0aW9uLTE3NjExNTI4MTgwMjAtNjQxYzI1ODFjZmVjNS0xMmFiN2NlMy1hNTEwNWRlOA {"name":"operations/cHJvamVjdHMvY2Vzby1hcGhpcy15dWMvbG9jYXRpb25zL3VzLWNlbnRyYWwxL29wZXJhdGlvbnMvb3BlcmF0aW9uLTE3NjExNTI4MTgwMjAtNjQxYzI1ODFjZmVjNS0xMmFiN2NlMy1hNTEwNWRlOA","metadata":{"@type":"type.googleapis.com/google.cloud.functions.v1.OperationMetadataV1","target":"projects/ceso-aphis-yuc/locations/us-central1/functions/adminUpload","updateTime":"2025-10-22T17:06:58.544876812Z"}}
[debug] [2025-10-22T17:06:56.863Z] [create-default-us-central1-adminUpload] Retrying task index 0
[debug] [2025-10-22T17:06:56.864Z] Checked if tokens are valid: true, expires at: 1761155918117
[debug] [2025-10-22T17:06:56.865Z] Checked if tokens are valid: true, expires at: 1761155918117
[debug] [2025-10-22T17:06:56.867Z] >>> [apiv2][query] GET https://cloudfunctions.googleapis.com/v1/operations/cHJvamVjdHMvY2Vzby1hcGhpcy15dWMvbG9jYXRpb25zL3VzLWNlbnRyYWwxL29wZXJhdGlvbnMvb3BlcmF0aW9uLTE3NjExNTI4MTgwMjAtNjQxYzI1ODFjZmVjNS0xMmFiN2NlMy1hNTEwNWRlOA [none]
[debug] [2025-10-22T17:06:57.081Z] <<< [apiv2][status] GET https://cloudfunctions.googleapis.com/v1/operations/cHJvamVjdHMvY2Vzby1hcGhpcy15dWMvbG9jYXRpb25zL3VzLWNlbnRyYWwxL29wZXJhdGlvbnMvb3BlcmF0aW9uLTE3NjExNTI4MTgwMjAtNjQxYzI1ODFjZmVjNS0xMmFiN2NlMy1hNTEwNWRlOA 200
[debug] [2025-10-22T17:06:57.094Z] <<< [apiv2][body] GET https://cloudfunctions.googleapis.com/v1/operations/cHJvamVjdHMvY2Vzby1hcGhpcy15dWMvbG9jYXRpb25zL3VzLWNlbnRyYWwxL29wZXJhdGlvbnMvb3BlcmF0aW9uLTE3NjExNTI4MTgwMjAtNjQxYzI1ODFjZmVjNS0xMmFiN2NlMy1hNTEwNWRlOA {"name":"operations/cHJvamVjdHMvY2Vzby1hcGhpcy15dWMvbG9jYXRpb25zL3VzLWNlbnRyYWwxL29wZXJhdGlvbnMvb3BlcmF0aW9uLTE3NjExNTI4MTgwMjAtNjQxYzI1ODFjZmVjNS0xMmFiN2NlMy1hNTEwNWRlOA","metadata":{"@type":"type.googleapis.com/google.cloud.functions.v1.OperationMetadataV1","target":"projects/ceso-aphis-yuc/locations/us-central1/functions/adminUpload","type":"CREATE_FUNCTION","request":{"@type":"type.googleapis.com/google.cloud.functions.v1.CloudFunction","name":"projects/ceso-aphis-yuc/locations/us-central1/functions/adminUpload","httpsTrigger":{"securityLevel":"SECURE_ALWAYS"},"entryPoint":"adminUpload","updateTime":"1970-01-01T00:00:00Z","labels":{"deployment-tool":"cli-firebase","firebase-functions-hash":"b228319acf56b158f0ef2600334c162d53250b50"},"sourceUploadUrl":"https://storage.googleapis.com/uploads-362328785189.us-central1.cloudfunctions.appspot.com/93ab30bc-09f8-4b88-8e31-3f56fa6e2654.zip?GoogleAccessId=service-584773462235@gcf-admin-robot.iam.gserviceaccount.com&Expires=1761154616&Signature=YMDDw%2BS%2BMzH3dKTerA%2FTLBeitdkh83GhQThkZUmlRuLYI0Djv9sOjY7NStNfl26fW2kKDfj1PRxzj4Q0h%2B058YX2qFnupRR2fwGRA0Fe%2B7sokGMbiB7kNXyAMftcZchoglFgRHF%2FDl3OxPp7PVljnqZuS7or9Gh%2BbM1inwlRaYRk%2Bw%2F%2Fp4VxfFbLEZAnL5fXi3NAmDAcgCPHnpciwSoqaOixHyWdon1LEFVW0nhwV1mldSxgqB8Jk1TazrWoP7U6alnCefu6qkuJDbr0pWG5Yq%2B8csO9Kni9CjcBruOeTq98ZgIlITC7oSvGRBO8lh9GeGMmLRkJUM2qFsV3HObn0A%3D%3D","environmentVariables":{"FIREBASE_CONFIG":"{\"projectId\":\"ceso-aphis-yuc\",\"storageBucket\":\"ceso-aphis-yuc.firebasestorage.app\"}","GCLOUD_PROJECT":"ceso-aphis-yuc","EVENTARC_CLOUD_EVENT_SOURCE":"projects/ceso-aphis-yuc/locations/us-central1/functions/adminUpload"},"runtime":"nodejs18","buildEnvironmentVariables":{"GOOGLE_NODE_RUN_SCRIPTS":""},"dockerRegistry":"ARTIFACT_REGISTRY"},"versionId":"1","updateTime":"2025-10-22T17:06:58.544876812Z"}}
[debug] [2025-10-22T17:06:58.101Z] [create-default-us-central1-adminUpload] Retrying task index 0
[debug] [2025-10-22T17:06:58.101Z] Checked if tokens are valid: true, expires at: 1761155918117
[debug] [2025-10-22T17:06:58.101Z] Checked if tokens are valid: true, expires at: 1761155918117
[debug] [2025-10-22T17:06:58.101Z] >>> [apiv2][query] GET https://cloudfunctions.googleapis.com/v1/operations/cHJvamVjdHMvY2Vzby1hcGhpcy15dWMvbG9jYXRpb25zL3VzLWNlbnRyYWwxL29wZXJhdGlvbnMvb3BlcmF0aW9uLTE3NjExNTI4MTgwMjAtNjQxYzI1ODFjZmVjNS0xMmFiN2NlMy1hNTEwNWRlOA [none]
[debug] [2025-10-22T17:06:58.243Z] <<< [apiv2][status] GET https://cloudfunctions.googleapis.com/v1/operations/cHJvamVjdHMvY2Vzby1hcGhpcy15dWMvbG9jYXRpb25zL3VzLWNlbnRyYWwxL29wZXJhdGlvbnMvb3BlcmF0aW9uLTE3NjExNTI4MTgwMjAtNjQxYzI1ODFjZmVjNS0xMmFiN2NlMy1hNTEwNWRlOA 200
[debug] [2025-10-22T17:06:58.243Z] <<< [apiv2][body] GET https://cloudfunctions.googleapis.com/v1/operations/cHJvamVjdHMvY2Vzby1hcGhpcy15dWMvbG9jYXRpb25zL3VzLWNlbnRyYWwxL29wZXJhdGlvbnMvb3BlcmF0aW9uLTE3NjExNTI4MTgwMjAtNjQxYzI1ODFjZmVjNS0xMmFiN2NlMy1hNTEwNWRlOA {"name":"operations/cHJvamVjdHMvY2Vzby1hcGhpcy15dWMvbG9jYXRpb25zL3VzLWNlbnRyYWwxL29wZXJhdGlvbnMvb3BlcmF0aW9uLTE3NjExNTI4MTgwMjAtNjQxYzI1ODFjZmVjNS0xMmFiN2NlMy1hNTEwNWRlOA","metadata":{"@type":"type.googleapis.com/google.cloud.functions.v1.OperationMetadataV1","target":"projects/ceso-aphis-yuc/locations/us-central1/functions/adminUpload","type":"CREATE_FUNCTION","request":{"@type":"type.googleapis.com/google.cloud.functions.v1.CloudFunction","name":"projects/ceso-aphis-yuc/locations/us-central1/functions/adminUpload","httpsTrigger":{"securityLevel":"SECURE_ALWAYS"},"entryPoint":"adminUpload","updateTime":"1970-01-01T00:00:00Z","labels":{"deployment-tool":"cli-firebase","firebase-functions-hash":"b228319acf56b158f0ef2600334c162d53250b50"},"sourceUploadUrl":"https://storage.googleapis.com/uploads-362328785189.us-central1.cloudfunctions.appspot.com/93ab30bc-09f8-4b88-8e31-3f56fa6e2654.zip?GoogleAccessId=service-584773462235@gcf-admin-robot.iam.gserviceaccount.com&Expires=1761154616&Signature=YMDDw%2BS%2BMzH3dKTerA%2FTLBeitdkh83GhQThkZUmlRuLYI0Djv9sOjY7NStNfl26fW2kKDfj1PRxzj4Q0h%2B058YX2qFnupRR2fwGRA0Fe%2B7sokGMbiB7kNXyAMftcZchoglFgRHF%2FDl3OxPp7PVljnqZuS7or9Gh%2BbM1inwlRaYRk%2Bw%2F%2Fp4VxfFbLEZAnL5fXi3NAmDAcgCPHnpciwSoqaOixHyWdon1LEFVW0nhwV1mldSxgqB8Jk1TazrWoP7U6alnCefu6qkuJDbr0pWG5Yq%2B8csO9Kni9CjcBruOeTq98ZgIlITC7oSvGRBO8lh9GeGMmLRkJUM2qFsV3HObn0A%3D%3D","environmentVariables":{"FIREBASE_CONFIG":"{\"projectId\":\"ceso-aphis-yuc\",\"storageBucket\":\"ceso-aphis-yuc.firebasestorage.app\"}","GCLOUD_PROJECT":"ceso-aphis-yuc","EVENTARC_CLOUD_EVENT_SOURCE":"projects/ceso-aphis-yuc/locations/us-central1/functions/adminUpload"},"runtime":"nodejs18","buildEnvironmentVariables":{"GOOGLE_NODE_RUN_SCRIPTS":""},"dockerRegistry":"ARTIFACT_REGISTRY"},"versionId":"1","updateTime":"2025-10-22T17:06:58.544876812Z"}}
[debug] [2025-10-22T17:07:00.254Z] [create-default-us-central1-adminUpload] Retrying task index 0
[debug] [2025-10-22T17:07:00.254Z] Checked if tokens are valid: true, expires at: 1761155918117
[debug] [2025-10-22T17:07:00.254Z] Checked if tokens are valid: true, expires at: 1761155918117
[debug] [2025-10-22T17:07:00.254Z] >>> [apiv2][query] GET https://cloudfunctions.googleapis.com/v1/operations/cHJvamVjdHMvY2Vzby1hcGhpcy15dWMvbG9jYXRpb25zL3VzLWNlbnRyYWwxL29wZXJhdGlvbnMvb3BlcmF0aW9uLTE3NjExNTI4MTgwMjAtNjQxYzI1ODFjZmVjNS0xMmFiN2NlMy1hNTEwNWRlOA [none]
[debug] [2025-10-22T17:07:00.401Z] <<< [apiv2][status] GET https://cloudfunctions.googleapis.com/v1/operations/cHJvamVjdHMvY2Vzby1hcGhpcy15dWMvbG9jYXRpb25zL3VzLWNlbnRyYWwxL29wZXJhdGlvbnMvb3BlcmF0aW9uLTE3NjExNTI4MTgwMjAtNjQxYzI1ODFjZmVjNS0xMmFiN2NlMy1hNTEwNWRlOA 200
[debug] [2025-10-22T17:07:00.401Z] <<< [apiv2][body] GET https://cloudfunctions.googleapis.com/v1/operations/cHJvamVjdHMvY2Vzby1hcGhpcy15dWMvbG9jYXRpb25zL3VzLWNlbnRyYWwxL29wZXJhdGlvbnMvb3BlcmF0aW9uLTE3NjExNTI4MTgwMjAtNjQxYzI1ODFjZmVjNS0xMmFiN2NlMy1hNTEwNWRlOA {"name":"operations/cHJvamVjdHMvY2Vzby1hcGhpcy15dWMvbG9jYXRpb25zL3VzLWNlbnRyYWwxL29wZXJhdGlvbnMvb3BlcmF0aW9uLTE3NjExNTI4MTgwMjAtNjQxYzI1ODFjZmVjNS0xMmFiN2NlMy1hNTEwNWRlOA","metadata":{"@type":"type.googleapis.com/google.cloud.functions.v1.OperationMetadataV1","target":"projects/ceso-aphis-yuc/locations/us-central1/functions/adminUpload","type":"CREATE_FUNCTION","request":{"@type":"type.googleapis.com/google.cloud.functions.v1.CloudFunction","name":"projects/ceso-aphis-yuc/locations/us-central1/functions/adminUpload","httpsTrigger":{"securityLevel":"SECURE_ALWAYS"},"entryPoint":"adminUpload","updateTime":"1970-01-01T00:00:00Z","labels":{"deployment-tool":"cli-firebase","firebase-functions-hash":"b228319acf56b158f0ef2600334c162d53250b50"},"sourceUploadUrl":"https://storage.googleapis.com/uploads-362328785189.us-central1.cloudfunctions.appspot.com/93ab30bc-09f8-4b88-8e31-3f56fa6e2654.zip?GoogleAccessId=service-584773462235@gcf-admin-robot.iam.gserviceaccount.com&Expires=1761154616&Signature=YMDDw%2BS%2BMzH3dKTerA%2FTLBeitdkh83GhQThkZUmlRuLYI0Djv9sOjY7NStNfl26fW2kKDfj1PRxzj4Q0h%2B058YX2qFnupRR2fwGRA0Fe%2B7sokGMbiB7kNXyAMftcZchoglFgRHF%2FDl3OxPp7PVljnqZuS7or9Gh%2BbM1inwlRaYRk%2Bw%2F%2Fp4VxfFbLEZAnL5fXi3NAmDAcgCPHnpciwSoqaOixHyWdon1LEFVW0nhwV1mldSxgqB8Jk1TazrWoP7U6alnCefu6qkuJDbr0pWG5Yq%2B8csO9Kni9CjcBruOeTq98ZgIlITC7oSvGRBO8lh9GeGMmLRkJUM2qFsV3HObn0A%3D%3D","environmentVariables":{"FIREBASE_CONFIG":"{\"projectId\":\"ceso-aphis-yuc\",\"storageBucket\":\"ceso-aphis-yuc.firebasestorage.app\"}","GCLOUD_PROJECT":"ceso-aphis-yuc","EVENTARC_CLOUD_EVENT_SOURCE":"projects/ceso-aphis-yuc/locations/us-central1/functions/adminUpload"},"runtime":"nodejs18","buildEnvironmentVariables":{"GOOGLE_NODE_RUN_SCRIPTS":""},"dockerRegistry":"ARTIFACT_REGISTRY"},"versionId":"1","updateTime":"2025-10-22T17:06:58.544876812Z","buildId":"42d0ccbe-60dd-426d-ae5d-09d6a20f1e27","buildName":"projects/584773462235/locations/us-central1/builds/42d0ccbe-60dd-426d-ae5d-09d6a20f1e27"}}
[debug] [2025-10-22T17:07:04.411Z] [create-default-us-central1-adminUpload] Retrying task index 0
[debug] [2025-10-22T17:07:04.411Z] Checked if tokens are valid: true, expires at: 1761155918117
[debug] [2025-10-22T17:07:04.411Z] Checked if tokens are valid: true, expires at: 1761155918117
[debug] [2025-10-22T17:07:04.412Z] >>> [apiv2][query] GET https://cloudfunctions.googleapis.com/v1/operations/cHJvamVjdHMvY2Vzby1hcGhpcy15dWMvbG9jYXRpb25zL3VzLWNlbnRyYWwxL29wZXJhdGlvbnMvb3BlcmF0aW9uLTE3NjExNTI4MTgwMjAtNjQxYzI1ODFjZmVjNS0xMmFiN2NlMy1hNTEwNWRlOA [none]
[debug] [2025-10-22T17:07:04.544Z] <<< [apiv2][status] GET https://cloudfunctions.googleapis.com/v1/operations/cHJvamVjdHMvY2Vzby1hcGhpcy15dWMvbG9jYXRpb25zL3VzLWNlbnRyYWwxL29wZXJhdGlvbnMvb3BlcmF0aW9uLTE3NjExNTI4MTgwMjAtNjQxYzI1ODFjZmVjNS0xMmFiN2NlMy1hNTEwNWRlOA 200
[debug] [2025-10-22T17:07:04.544Z] <<< [apiv2][body] GET https://cloudfunctions.googleapis.com/v1/operations/cHJvamVjdHMvY2Vzby1hcGhpcy15dWMvbG9jYXRpb25zL3VzLWNlbnRyYWwxL29wZXJhdGlvbnMvb3BlcmF0aW9uLTE3NjExNTI4MTgwMjAtNjQxYzI1ODFjZmVjNS0xMmFiN2NlMy1hNTEwNWRlOA {"name":"operations/cHJvamVjdHMvY2Vzby1hcGhpcy15dWMvbG9jYXRpb25zL3VzLWNlbnRyYWwxL29wZXJhdGlvbnMvb3BlcmF0aW9uLTE3NjExNTI4MTgwMjAtNjQxYzI1ODFjZmVjNS0xMmFiN2NlMy1hNTEwNWRlOA","metadata":{"@type":"type.googleapis.com/google.cloud.functions.v1.OperationMetadataV1","target":"projects/ceso-aphis-yuc/locations/us-central1/functions/adminUpload","type":"CREATE_FUNCTION","request":{"@type":"type.googleapis.com/google.cloud.functions.v1.CloudFunction","name":"projects/ceso-aphis-yuc/locations/us-central1/functions/adminUpload","httpsTrigger":{"securityLevel":"SECURE_ALWAYS"},"entryPoint":"adminUpload","updateTime":"1970-01-01T00:00:00Z","labels":{"deployment-tool":"cli-firebase","firebase-functions-hash":"b228319acf56b158f0ef2600334c162d53250b50"},"sourceUploadUrl":"https://storage.googleapis.com/uploads-362328785189.us-central1.cloudfunctions.appspot.com/93ab30bc-09f8-4b88-8e31-3f56fa6e2654.zip?GoogleAccessId=service-584773462235@gcf-admin-robot.iam.gserviceaccount.com&Expires=1761154616&Signature=YMDDw%2BS%2BMzH3dKTerA%2FTLBeitdkh83GhQThkZUmlRuLYI0Djv9sOjY7NStNfl26fW2kKDfj1PRxzj4Q0h%2B058YX2qFnupRR2fwGRA0Fe%2B7sokGMbiB7kNXyAMftcZchoglFgRHF%2FDl3OxPp7PVljnqZuS7or9Gh%2BbM1inwlRaYRk%2Bw%2F%2Fp4VxfFbLEZAnL5fXi3NAmDAcgCPHnpciwSoqaOixHyWdon1LEFVW0nhwV1mldSxgqB8Jk1TazrWoP7U6alnCefu6qkuJDbr0pWG5Yq%2B8csO9Kni9CjcBruOeTq98ZgIlITC7oSvGRBO8lh9GeGMmLRkJUM2qFsV3HObn0A%3D%3D","environmentVariables":{"FIREBASE_CONFIG":"{\"projectId\":\"ceso-aphis-yuc\",\"storageBucket\":\"ceso-aphis-yuc.firebasestorage.app\"}","GCLOUD_PROJECT":"ceso-aphis-yuc","EVENTARC_CLOUD_EVENT_SOURCE":"projects/ceso-aphis-yuc/locations/us-central1/functions/adminUpload"},"runtime":"nodejs18","buildEnvironmentVariables":{"GOOGLE_NODE_RUN_SCRIPTS":""},"dockerRegistry":"ARTIFACT_REGISTRY"},"versionId":"1","updateTime":"2025-10-22T17:06:58.544876812Z","buildId":"42d0ccbe-60dd-426d-ae5d-09d6a20f1e27","buildName":"projects/584773462235/locations/us-central1/builds/42d0ccbe-60dd-426d-ae5d-09d6a20f1e27"}}
[debug] [2025-10-22T17:07:12.548Z] [create-default-us-central1-adminUpload] Retrying task index 0
[debug] [2025-10-22T17:07:12.548Z] Checked if tokens are valid: true, expires at: 1761155918117
[debug] [2025-10-22T17:07:12.549Z] Checked if tokens are valid: true, expires at: 1761155918117
[debug] [2025-10-22T17:07:12.549Z] >>> [apiv2][query] GET https://cloudfunctions.googleapis.com/v1/operations/cHJvamVjdHMvY2Vzby1hcGhpcy15dWMvbG9jYXRpb25zL3VzLWNlbnRyYWwxL29wZXJhdGlvbnMvb3BlcmF0aW9uLTE3NjExNTI4MTgwMjAtNjQxYzI1ODFjZmVjNS0xMmFiN2NlMy1hNTEwNWRlOA [none]
[debug] [2025-10-22T17:07:12.827Z] <<< [apiv2][status] GET https://cloudfunctions.googleapis.com/v1/operations/cHJvamVjdHMvY2Vzby1hcGhpcy15dWMvbG9jYXRpb25zL3VzLWNlbnRyYWwxL29wZXJhdGlvbnMvb3BlcmF0aW9uLTE3NjExNTI4MTgwMjAtNjQxYzI1ODFjZmVjNS0xMmFiN2NlMy1hNTEwNWRlOA 200
[debug] [2025-10-22T17:07:12.827Z] <<< [apiv2][body] GET https://cloudfunctions.googleapis.com/v1/operations/cHJvamVjdHMvY2Vzby1hcGhpcy15dWMvbG9jYXRpb25zL3VzLWNlbnRyYWwxL29wZXJhdGlvbnMvb3BlcmF0aW9uLTE3NjExNTI4MTgwMjAtNjQxYzI1ODFjZmVjNS0xMmFiN2NlMy1hNTEwNWRlOA {"name":"operations/cHJvamVjdHMvY2Vzby1hcGhpcy15dWMvbG9jYXRpb25zL3VzLWNlbnRyYWwxL29wZXJhdGlvbnMvb3BlcmF0aW9uLTE3NjExNTI4MTgwMjAtNjQxYzI1ODFjZmVjNS0xMmFiN2NlMy1hNTEwNWRlOA","metadata":{"@type":"type.googleapis.com/google.cloud.functions.v1.OperationMetadataV1","target":"projects/ceso-aphis-yuc/locations/us-central1/functions/adminUpload","type":"CREATE_FUNCTION","request":{"@type":"type.googleapis.com/google.cloud.functions.v1.CloudFunction","name":"projects/ceso-aphis-yuc/locations/us-central1/functions/adminUpload","httpsTrigger":{"securityLevel":"SECURE_ALWAYS"},"entryPoint":"adminUpload","updateTime":"1970-01-01T00:00:00Z","labels":{"deployment-tool":"cli-firebase","firebase-functions-hash":"b228319acf56b158f0ef2600334c162d53250b50"},"sourceUploadUrl":"https://storage.googleapis.com/uploads-362328785189.us-central1.cloudfunctions.appspot.com/93ab30bc-09f8-4b88-8e31-3f56fa6e2654.zip?GoogleAccessId=service-584773462235@gcf-admin-robot.iam.gserviceaccount.com&Expires=1761154616&Signature=YMDDw%2BS%2BMzH3dKTerA%2FTLBeitdkh83GhQThkZUmlRuLYI0Djv9sOjY7NStNfl26fW2kKDfj1PRxzj4Q0h%2B058YX2qFnupRR2fwGRA0Fe%2B7sokGMbiB7kNXyAMftcZchoglFgRHF%2FDl3OxPp7PVljnqZuS7or9Gh%2BbM1inwlRaYRk%2Bw%2F%2Fp4VxfFbLEZAnL5fXi3NAmDAcgCPHnpciwSoqaOixHyWdon1LEFVW0nhwV1mldSxgqB8Jk1TazrWoP7U6alnCefu6qkuJDbr0pWG5Yq%2B8csO9Kni9CjcBruOeTq98ZgIlITC7oSvGRBO8lh9GeGMmLRkJUM2qFsV3HObn0A%3D%3D","environmentVariables":{"FIREBASE_CONFIG":"{\"projectId\":\"ceso-aphis-yuc\",\"storageBucket\":\"ceso-aphis-yuc.firebasestorage.app\"}","GCLOUD_PROJECT":"ceso-aphis-yuc","EVENTARC_CLOUD_EVENT_SOURCE":"projects/ceso-aphis-yuc/locations/us-central1/functions/adminUpload"},"runtime":"nodejs18","buildEnvironmentVariables":{"GOOGLE_NODE_RUN_SCRIPTS":""},"dockerRegistry":"ARTIFACT_REGISTRY"},"versionId":"1","updateTime":"2025-10-22T17:06:58.544876812Z","buildId":"42d0ccbe-60dd-426d-ae5d-09d6a20f1e27","buildName":"projects/584773462235/locations/us-central1/builds/42d0ccbe-60dd-426d-ae5d-09d6a20f1e27"}}
[debug] [2025-10-22T17:07:22.829Z] [create-default-us-central1-adminUpload] Retrying task index 0
[debug] [2025-10-22T17:07:22.830Z] Checked if tokens are valid: true, expires at: 1761155918117
[debug] [2025-10-22T17:07:22.830Z] Checked if tokens are valid: true, expires at: 1761155918117
[debug] [2025-10-22T17:07:22.830Z] >>> [apiv2][query] GET https://cloudfunctions.googleapis.com/v1/operations/cHJvamVjdHMvY2Vzby1hcGhpcy15dWMvbG9jYXRpb25zL3VzLWNlbnRyYWwxL29wZXJhdGlvbnMvb3BlcmF0aW9uLTE3NjExNTI4MTgwMjAtNjQxYzI1ODFjZmVjNS0xMmFiN2NlMy1hNTEwNWRlOA [none]
[debug] [2025-10-22T17:07:23.106Z] <<< [apiv2][status] GET https://cloudfunctions.googleapis.com/v1/operations/cHJvamVjdHMvY2Vzby1hcGhpcy15dWMvbG9jYXRpb25zL3VzLWNlbnRyYWwxL29wZXJhdGlvbnMvb3BlcmF0aW9uLTE3NjExNTI4MTgwMjAtNjQxYzI1ODFjZmVjNS0xMmFiN2NlMy1hNTEwNWRlOA 200
[debug] [2025-10-22T17:07:23.107Z] <<< [apiv2][body] GET https://cloudfunctions.googleapis.com/v1/operations/cHJvamVjdHMvY2Vzby1hcGhpcy15dWMvbG9jYXRpb25zL3VzLWNlbnRyYWwxL29wZXJhdGlvbnMvb3BlcmF0aW9uLTE3NjExNTI4MTgwMjAtNjQxYzI1ODFjZmVjNS0xMmFiN2NlMy1hNTEwNWRlOA {"name":"operations/cHJvamVjdHMvY2Vzby1hcGhpcy15dWMvbG9jYXRpb25zL3VzLWNlbnRyYWwxL29wZXJhdGlvbnMvb3BlcmF0aW9uLTE3NjExNTI4MTgwMjAtNjQxYzI1ODFjZmVjNS0xMmFiN2NlMy1hNTEwNWRlOA","metadata":{"@type":"type.googleapis.com/google.cloud.functions.v1.OperationMetadataV1","target":"projects/ceso-aphis-yuc/locations/us-central1/functions/adminUpload","type":"CREATE_FUNCTION","request":{"@type":"type.googleapis.com/google.cloud.functions.v1.CloudFunction","name":"projects/ceso-aphis-yuc/locations/us-central1/functions/adminUpload","httpsTrigger":{"securityLevel":"SECURE_ALWAYS"},"entryPoint":"adminUpload","updateTime":"1970-01-01T00:00:00Z","labels":{"deployment-tool":"cli-firebase","firebase-functions-hash":"b228319acf56b158f0ef2600334c162d53250b50"},"sourceUploadUrl":"https://storage.googleapis.com/uploads-362328785189.us-central1.cloudfunctions.appspot.com/93ab30bc-09f8-4b88-8e31-3f56fa6e2654.zip?GoogleAccessId=service-584773462235@gcf-admin-robot.iam.gserviceaccount.com&Expires=1761154616&Signature=YMDDw%2BS%2BMzH3dKTerA%2FTLBeitdkh83GhQThkZUmlRuLYI0Djv9sOjY7NStNfl26fW2kKDfj1PRxzj4Q0h%2B058YX2qFnupRR2fwGRA0Fe%2B7sokGMbiB7kNXyAMftcZchoglFgRHF%2FDl3OxPp7PVljnqZuS7or9Gh%2BbM1inwlRaYRk%2Bw%2F%2Fp4VxfFbLEZAnL5fXi3NAmDAcgCPHnpciwSoqaOixHyWdon1LEFVW0nhwV1mldSxgqB8Jk1TazrWoP7U6alnCefu6qkuJDbr0pWG5Yq%2B8csO9Kni9CjcBruOeTq98ZgIlITC7oSvGRBO8lh9GeGMmLRkJUM2qFsV3HObn0A%3D%3D","environmentVariables":{"FIREBASE_CONFIG":"{\"projectId\":\"ceso-aphis-yuc\",\"storageBucket\":\"ceso-aphis-yuc.firebasestorage.app\"}","GCLOUD_PROJECT":"ceso-aphis-yuc","EVENTARC_CLOUD_EVENT_SOURCE":"projects/ceso-aphis-yuc/locations/us-central1/functions/adminUpload"},"runtime":"nodejs18","buildEnvironmentVariables":{"GOOGLE_NODE_RUN_SCRIPTS":""},"dockerRegistry":"ARTIFACT_REGISTRY"},"versionId":"1","updateTime":"2025-10-22T17:06:58.544876812Z","buildId":"42d0ccbe-60dd-426d-ae5d-09d6a20f1e27","buildName":"projects/584773462235/locations/us-central1/builds/42d0ccbe-60dd-426d-ae5d-09d6a20f1e27"}}
[debug] [2025-10-22T17:07:33.120Z] [create-default-us-central1-adminUpload] Retrying task index 0
[debug] [2025-10-22T17:07:33.121Z] Checked if tokens are valid: true, expires at: 1761155918117
[debug] [2025-10-22T17:07:33.121Z] Checked if tokens are valid: true, expires at: 1761155918117
[debug] [2025-10-22T17:07:33.121Z] >>> [apiv2][query] GET https://cloudfunctions.googleapis.com/v1/operations/cHJvamVjdHMvY2Vzby1hcGhpcy15dWMvbG9jYXRpb25zL3VzLWNlbnRyYWwxL29wZXJhdGlvbnMvb3BlcmF0aW9uLTE3NjExNTI4MTgwMjAtNjQxYzI1ODFjZmVjNS0xMmFiN2NlMy1hNTEwNWRlOA [none]
[debug] [2025-10-22T17:07:33.400Z] <<< [apiv2][status] GET https://cloudfunctions.googleapis.com/v1/operations/cHJvamVjdHMvY2Vzby1hcGhpcy15dWMvbG9jYXRpb25zL3VzLWNlbnRyYWwxL29wZXJhdGlvbnMvb3BlcmF0aW9uLTE3NjExNTI4MTgwMjAtNjQxYzI1ODFjZmVjNS0xMmFiN2NlMy1hNTEwNWRlOA 200
[debug] [2025-10-22T17:07:33.401Z] <<< [apiv2][body] GET https://cloudfunctions.googleapis.com/v1/operations/cHJvamVjdHMvY2Vzby1hcGhpcy15dWMvbG9jYXRpb25zL3VzLWNlbnRyYWwxL29wZXJhdGlvbnMvb3BlcmF0aW9uLTE3NjExNTI4MTgwMjAtNjQxYzI1ODFjZmVjNS0xMmFiN2NlMy1hNTEwNWRlOA {"name":"operations/cHJvamVjdHMvY2Vzby1hcGhpcy15dWMvbG9jYXRpb25zL3VzLWNlbnRyYWwxL29wZXJhdGlvbnMvb3BlcmF0aW9uLTE3NjExNTI4MTgwMjAtNjQxYzI1ODFjZmVjNS0xMmFiN2NlMy1hNTEwNWRlOA","metadata":{"@type":"type.googleapis.com/google.cloud.functions.v1.OperationMetadataV1","target":"projects/ceso-aphis-yuc/locations/us-central1/functions/adminUpload","type":"CREATE_FUNCTION","request":{"@type":"type.googleapis.com/google.cloud.functions.v1.CloudFunction","name":"projects/ceso-aphis-yuc/locations/us-central1/functions/adminUpload","httpsTrigger":{"securityLevel":"SECURE_ALWAYS"},"entryPoint":"adminUpload","updateTime":"1970-01-01T00:00:00Z","labels":{"deployment-tool":"cli-firebase","firebase-functions-hash":"b228319acf56b158f0ef2600334c162d53250b50"},"sourceUploadUrl":"https://storage.googleapis.com/uploads-362328785189.us-central1.cloudfunctions.appspot.com/93ab30bc-09f8-4b88-8e31-3f56fa6e2654.zip?GoogleAccessId=service-584773462235@gcf-admin-robot.iam.gserviceaccount.com&Expires=1761154616&Signature=YMDDw%2BS%2BMzH3dKTerA%2FTLBeitdkh83GhQThkZUmlRuLYI0Djv9sOjY7NStNfl26fW2kKDfj1PRxzj4Q0h%2B058YX2qFnupRR2fwGRA0Fe%2B7sokGMbiB7kNXyAMftcZchoglFgRHF%2FDl3OxPp7PVljnqZuS7or9Gh%2BbM1inwlRaYRk%2Bw%2F%2Fp4VxfFbLEZAnL5fXi3NAmDAcgCPHnpciwSoqaOixHyWdon1LEFVW0nhwV1mldSxgqB8Jk1TazrWoP7U6alnCefu6qkuJDbr0pWG5Yq%2B8csO9Kni9CjcBruOeTq98ZgIlITC7oSvGRBO8lh9GeGMmLRkJUM2qFsV3HObn0A%3D%3D","environmentVariables":{"FIREBASE_CONFIG":"{\"projectId\":\"ceso-aphis-yuc\",\"storageBucket\":\"ceso-aphis-yuc.firebasestorage.app\"}","GCLOUD_PROJECT":"ceso-aphis-yuc","EVENTARC_CLOUD_EVENT_SOURCE":"projects/ceso-aphis-yuc/locations/us-central1/functions/adminUpload"},"runtime":"nodejs18","buildEnvironmentVariables":{"GOOGLE_NODE_RUN_SCRIPTS":""},"dockerRegistry":"ARTIFACT_REGISTRY"},"versionId":"1","updateTime":"2025-10-22T17:07:31.038964596Z","buildId":"42d0ccbe-60dd-426d-ae5d-09d6a20f1e27","buildName":"projects/584773462235/locations/us-central1/builds/42d0ccbe-60dd-426d-ae5d-09d6a20f1e27"},"done":true,"error":{"code":3,"message":"Gen1 operation for function projects/ceso-aphis-yuc/locations/us-central1/functions/adminUpload failed: Build failed: npm error code ERESOLVE\nnpm error ERESOLVE could not resolve\nnpm error\nnpm error While resolving: firebase-functions@4.9.0\nnpm error Found: firebase-admin@13.5.0\nnpm error node_modules/firebase-admin\nnpm error   firebase-admin@\"^13.5.0\" from the root project\nnpm error   peer firebase-admin@\"^8.0.0 || ^9.0.0 || ^10.0.0 || ^11.0.0 || ^12.0.0 || ^13.0.0\" from firebase-functions-test@3.4.1\nnpm error   node_modules/firebase-functions-test\nnpm error     dev firebase-functions-test@\"^3.1.0\" from the root project\nnpm error\nnpm error Could not resolve dependency:\nnpm error peer firebase-admin@\"^10.0.0 || ^11.0.0 || ^12.0.0\" from firebase-functions@4.9.0\nnpm error node_modules/firebase-functions\nnpm error   firebase-functions@\"^4.4.0\" from the root project\nnpm error   peer firebase-functions@\">=4.9.0\" from firebase-functions-test@3.4.1\nnpm error   node_modules/firebase-functions-test\nnpm error     dev firebase-functions-test@\"^3.1.0\" from the root project\nnpm error\nnpm error Conflicting peer dependency: firebase-admin@12.7.0\nnpm error node_modules/firebase-admin\nnpm error   peer firebase-admin@\"^10.0.0 || ^11.0.0 || ^12.0.0\" from firebase-functions@4.9.0\nnpm error   node_modules/firebase-functions\nnpm error     firebase-functions@\"^4.4.0\" from the root project\nnpm error     peer firebase-functions@\">=4.9.0\" from firebase-functions-test@3.4.1\nnpm error     node_modules/firebase-functions-test\nnpm error       dev firebase-functions-test@\"^3.1.0\" from the root project\nnpm error\nnpm error Fix the upstream dependency conflict, or retry\nnpm error this command with --force or --legacy-peer-deps\nnpm error to accept an incorrect (and potentially broken) dependency resolution.\nnpm error\nnpm error\nnpm error For a full report see:\nnpm error /www-data-home/.npm/_logs/2025-10-22T17_07_25_185Z-eresolve-report.txt\nnpm error A complete log of this run can be found in: /www-data-home/.npm/_logs/2025-10-22T17_07_25_185Z-debug-0.log; Error ID: 7fa33aaa."}}
[debug] [2025-10-22T17:07:33.401Z] Got source token undefined for region us-central1
[error] Gen1 operation for function projects/ceso-aphis-yuc/locations/us-central1/functions/adminUpload failed: Build failed: npm error code ERESOLVE
npm error ERESOLVE could not resolve
npm error
npm error While resolving: firebase-functions@4.9.0
npm error Found: firebase-admin@13.5.0
npm error node_modules/firebase-admin
npm error   firebase-admin@"^13.5.0" from the root project
npm error   peer firebase-admin@"^8.0.0 || ^9.0.0 || ^10.0.0 || ^11.0.0 || ^12.0.0 || ^13.0.0" from firebase-functions-test@3.4.1
npm error   node_modules/firebase-functions-test
npm error     dev firebase-functions-test@"^3.1.0" from the root project
npm error
npm error Could not resolve dependency:
npm error peer firebase-admin@"^10.0.0 || ^11.0.0 || ^12.0.0" from firebase-functions@4.9.0
npm error node_modules/firebase-functions
npm error   firebase-functions@"^4.4.0" from the root project
npm error   peer firebase-functions@">=4.9.0" from firebase-functions-test@3.4.1
npm error   node_modules/firebase-functions-test
npm error     dev firebase-functions-test@"^3.1.0" from the root project
npm error
npm error Conflicting peer dependency: firebase-admin@12.7.0
npm error node_modules/firebase-admin
npm error   peer firebase-admin@"^10.0.0 || ^11.0.0 || ^12.0.0" from firebase-functions@4.9.0
npm error   node_modules/firebase-functions
npm error     firebase-functions@"^4.4.0" from the root project
npm error     peer firebase-functions@">=4.9.0" from firebase-functions-test@3.4.1
npm error     node_modules/firebase-functions-test
npm error       dev firebase-functions-test@"^3.1.0" from the root project
npm error
npm error Fix the upstream dependency conflict, or retry
npm error this command with --force or --legacy-peer-deps
npm error to accept an incorrect (and potentially broken) dependency resolution.
npm error
npm error
npm error For a full report see:
npm error /www-data-home/.npm/_logs/2025-10-22T17_07_25_185Z-eresolve-report.txt
npm error A complete log of this run can be found in: /www-data-home/.npm/_logs/2025-10-22T17_07_25_185Z-debug-0.log; Error ID: 7fa33aaa.
[debug] [2025-10-22T17:07:33.417Z] Total Function Deployment time: 38075
[debug] [2025-10-22T17:07:33.417Z] 1 Functions Deployed
[debug] [2025-10-22T17:07:33.417Z] 1 Functions Errored
[debug] [2025-10-22T17:07:33.417Z] 0 Function Deployments Aborted
[debug] [2025-10-22T17:07:33.417Z] Average Function Deployment time: 38072
[info] 
[info] Functions deploy had errors with the following functions:
	adminUpload(us-central1)
[debug] [2025-10-22T17:07:33.649Z] Not printing URL for HTTPS function. Typically this means it didn't match a filter or we failed deployment
[debug] [2025-10-22T17:07:33.650Z] Checked if tokens are valid: true, expires at: 1761155918117
[debug] [2025-10-22T17:07:33.650Z] Checked if tokens are valid: true, expires at: 1761155918117
[debug] [2025-10-22T17:07:33.650Z] >>> [apiv2][query] GET https://artifactregistry.googleapis.com/v1/projects/ceso-aphis-yuc/locations/us-central1/repositories/gcf-artifacts [none]
[debug] [2025-10-22T17:07:35.531Z] <<< [apiv2][status] GET https://artifactregistry.googleapis.com/v1/projects/ceso-aphis-yuc/locations/us-central1/repositories/gcf-artifacts 200
[debug] [2025-10-22T17:07:35.531Z] <<< [apiv2][body] GET https://artifactregistry.googleapis.com/v1/projects/ceso-aphis-yuc/locations/us-central1/repositories/gcf-artifacts {"name":"projects/ceso-aphis-yuc/locations/us-central1/repositories/gcf-artifacts","format":"DOCKER","description":"This repository is created and used by Cloud Functions for storing function docker images.","labels":{"goog-managed-by":"cloudfunctions"},"createTime":"2025-10-20T23:34:00.307563Z","updateTime":"2025-10-22T01:33:26.634495Z","mode":"STANDARD_REPOSITORY","cleanupPolicies":{"firebase-functions-cleanup":{"id":"firebase-functions-cleanup","action":"DELETE","condition":{"tagState":"ANY","olderThan":"86400s"}}},"vulnerabilityScanningConfig":{"lastEnableTime":"2025-10-20T23:33:52.303416876Z","enablementState":"SCANNING_DISABLED","enablementStateReason":"API containerscanning.googleapis.com is not enabled."},"satisfiesPzi":true,"registryUri":"us-central1-docker.pkg.dev/ceso-aphis-yuc/gcf-artifacts"}
[debug] [2025-10-22T17:07:35.532Z] Functions deploy failed.
[debug] [2025-10-22T17:07:35.532Z] {
  "endpoint": {
    "id": "adminUpload",
    "project": "ceso-aphis-yuc",
    "region": "us-central1",
    "entryPoint": "adminUpload",
    "platform": "gcfv1",
    "runtime": "nodejs18",
    "httpsTrigger": {},
    "serviceAccount": null,
    "ingressSettings": null,
    "availableMemoryMb": null,
    "timeoutSeconds": null,
    "maxInstances": null,
    "minInstances": null,
    "vpc": null,
    "environmentVariables": {
      "FIREBASE_CONFIG": "{\"projectId\":\"ceso-aphis-yuc\",\"storageBucket\":\"ceso-aphis-yuc.firebasestorage.app\"}",
      "GCLOUD_PROJECT": "ceso-aphis-yuc",
      "EVENTARC_CLOUD_EVENT_SOURCE": "projects/ceso-aphis-yuc/locations/us-central1/functions/adminUpload"
    },
    "codebase": "default",
    "targetedByOnly": true,
    "hash": "b228319acf56b158f0ef2600334c162d53250b50",
    "labels": {
      "deployment-tool": "cli-firebase"
    }
  },
  "op": "create",
  "original": {
    "name": "FirebaseError",
    "children": [],
    "exit": 1,
    "message": "Gen1 operation for function projects/ceso-aphis-yuc/locations/us-central1/functions/adminUpload failed: Build failed: npm error code ERESOLVE\nnpm error ERESOLVE could not resolve\nnpm error\nnpm error While resolving: firebase-functions@4.9.0\nnpm error Found: firebase-admin@13.5.0\nnpm error node_modules/firebase-admin\nnpm error   firebase-admin@\"^13.5.0\" from the root project\nnpm error   peer firebase-admin@\"^8.0.0 || ^9.0.0 || ^10.0.0 || ^11.0.0 || ^12.0.0 || ^13.0.0\" from firebase-functions-test@3.4.1\nnpm error   node_modules/firebase-functions-test\nnpm error     dev firebase-functions-test@\"^3.1.0\" from the root project\nnpm error\nnpm error Could not resolve dependency:\nnpm error peer firebase-admin@\"^10.0.0 || ^11.0.0 || ^12.0.0\" from firebase-functions@4.9.0\nnpm error node_modules/firebase-functions\nnpm error   firebase-functions@\"^4.4.0\" from the root project\nnpm error   peer firebase-functions@\">=4.9.0\" from firebase-functions-test@3.4.1\nnpm error   node_modules/firebase-functions-test\nnpm error     dev firebase-functions-test@\"^3.1.0\" from the root project\nnpm error\nnpm error Conflicting peer dependency: firebase-admin@12.7.0\nnpm error node_modules/firebase-admin\nnpm error   peer firebase-admin@\"^10.0.0 || ^11.0.0 || ^12.0.0\" from firebase-functions@4.9.0\nnpm error   node_modules/firebase-functions\nnpm error     firebase-functions@\"^4.4.0\" from the root project\nnpm error     peer firebase-functions@\">=4.9.0\" from firebase-functions-test@3.4.1\nnpm error     node_modules/firebase-functions-test\nnpm error       dev firebase-functions-test@\"^3.1.0\" from the root project\nnpm error\nnpm error Fix the upstream dependency conflict, or retry\nnpm error this command with --force or --legacy-peer-deps\nnpm error to accept an incorrect (and potentially broken) dependency resolution.\nnpm error\nnpm error\nnpm error For a full report see:\nnpm error /www-data-home/.npm/_logs/2025-10-22T17_07_25_185Z-eresolve-report.txt\nnpm error A complete log of this run can be found in: /www-data-home/.npm/_logs/2025-10-22T17_07_25_185Z-debug-0.log; Error ID: 7fa33aaa.",
    "original": {
      "code": 3,
      "message": "Gen1 operation for function projects/ceso-aphis-yuc/locations/us-central1/functions/adminUpload failed: Build failed: npm error code ERESOLVE\nnpm error ERESOLVE could not resolve\nnpm error\nnpm error While resolving: firebase-functions@4.9.0\nnpm error Found: firebase-admin@13.5.0\nnpm error node_modules/firebase-admin\nnpm error   firebase-admin@\"^13.5.0\" from the root project\nnpm error   peer firebase-admin@\"^8.0.0 || ^9.0.0 || ^10.0.0 || ^11.0.0 || ^12.0.0 || ^13.0.0\" from firebase-functions-test@3.4.1\nnpm error   node_modules/firebase-functions-test\nnpm error     dev firebase-functions-test@\"^3.1.0\" from the root project\nnpm error\nnpm error Could not resolve dependency:\nnpm error peer firebase-admin@\"^10.0.0 || ^11.0.0 || ^12.0.0\" from firebase-functions@4.9.0\nnpm error node_modules/firebase-functions\nnpm error   firebase-functions@\"^4.4.0\" from the root project\nnpm error   peer firebase-functions@\">=4.9.0\" from firebase-functions-test@3.4.1\nnpm error   node_modules/firebase-functions-test\nnpm error     dev firebase-functions-test@\"^3.1.0\" from the root project\nnpm error\nnpm error Conflicting peer dependency: firebase-admin@12.7.0\nnpm error node_modules/firebase-admin\nnpm error   peer firebase-admin@\"^10.0.0 || ^11.0.0 || ^12.0.0\" from firebase-functions@4.9.0\nnpm error   node_modules/firebase-functions\nnpm error     firebase-functions@\"^4.4.0\" from the root project\nnpm error     peer firebase-functions@\">=4.9.0\" from firebase-functions-test@3.4.1\nnpm error     node_modules/firebase-functions-test\nnpm error       dev firebase-functions-test@\"^3.1.0\" from the root project\nnpm error\nnpm error Fix the upstream dependency conflict, or retry\nnpm error this command with --force or --legacy-peer-deps\nnpm error to accept an incorrect (and potentially broken) dependency resolution.\nnpm error\nnpm error\nnpm error For a full report see:\nnpm error /www-data-home/.npm/_logs/2025-10-22T17_07_25_185Z-eresolve-report.txt\nnpm error A complete log of this run can be found in: /www-data-home/.npm/_logs/2025-10-22T17_07_25_185Z-debug-0.log; Error ID: 7fa33aaa."
    },
    "status": 3,
    "code": 3
  }
}
[debug] [2025-10-22T17:07:35.625Z] Error: Failed to create function adminUpload in region us-central1
    at C:\Users\smuno\AppData\Roaming\npm\node_modules\firebase-tools\lib\deploy\functions\release\fabricator.js:52:11
    at process.processTicksAndRejections (node:internal/process/task_queues:105:5)
    at async Fabricator.createV1Function (C:\Users\smuno\AppData\Roaming\npm\node_modules\firebase-tools\lib\deploy\functions\release\fabricator.js:194:32)
    at async Fabricator.createEndpoint (C:\Users\smuno\AppData\Roaming\npm\node_modules\firebase-tools\lib\deploy\functions\release\fabricator.js:134:13)
    at async handle (C:\Users\smuno\AppData\Roaming\npm\node_modules\firebase-tools\lib\deploy\functions\release\fabricator.js:89:17)
[error] 
[error] Error: There was an error deploying functions
[debug] [2025-10-22T17:12:27.488Z] ----------------------------------------------------------------------
[debug] [2025-10-22T17:12:27.491Z] Command:       C:\Program Files\nodejs\node.exe C:\Users\smuno\AppData\Roaming\npm\node_modules\firebase-tools\lib\bin\firebase.js deploy --only functions:adminUpload --project ceso-aphis-yuc
[debug] [2025-10-22T17:12:27.492Z] CLI Version:   14.20.0
[debug] [2025-10-22T17:12:27.492Z] Platform:      win32
[debug] [2025-10-22T17:12:27.492Z] Node Version:  v22.20.0
[debug] [2025-10-22T17:12:27.493Z] Time:          Wed Oct 22 2025 11:12:27 GMT-0600 (hora estándar central)
[debug] [2025-10-22T17:12:27.493Z] ----------------------------------------------------------------------
[debug] 
[debug] [2025-10-22T17:12:27.897Z] > command requires scopes: ["email","openid","https://www.googleapis.com/auth/cloudplatformprojects.readonly","https://www.googleapis.com/auth/firebase","https://www.googleapis.com/auth/cloud-platform"]
[debug] [2025-10-22T17:12:27.898Z] > authorizing via signed-in user (smunozam@gmail.com)
[debug] [2025-10-22T17:12:27.899Z] [iam] checking project ceso-aphis-yuc for permissions ["cloudfunctions.functions.create","cloudfunctions.functions.delete","cloudfunctions.functions.get","cloudfunctions.functions.list","cloudfunctions.functions.update","cloudfunctions.operations.get","firebase.projects.get"]
[debug] [2025-10-22T17:12:27.901Z] Checked if tokens are valid: true, expires at: 1761155918117
[debug] [2025-10-22T17:12:27.901Z] Checked if tokens are valid: true, expires at: 1761155918117
[debug] [2025-10-22T17:12:27.904Z] >>> [apiv2][query] POST https://cloudresourcemanager.googleapis.com/v1/projects/ceso-aphis-yuc:testIamPermissions [none]
[debug] [2025-10-22T17:12:27.905Z] >>> [apiv2][(partial)header] POST https://cloudresourcemanager.googleapis.com/v1/projects/ceso-aphis-yuc:testIamPermissions x-goog-quota-user=projects/ceso-aphis-yuc
[debug] [2025-10-22T17:12:27.905Z] >>> [apiv2][body] POST https://cloudresourcemanager.googleapis.com/v1/projects/ceso-aphis-yuc:testIamPermissions {"permissions":["cloudfunctions.functions.create","cloudfunctions.functions.delete","cloudfunctions.functions.get","cloudfunctions.functions.list","cloudfunctions.functions.update","cloudfunctions.operations.get","firebase.projects.get"]}
[debug] [2025-10-22T17:12:28.537Z] <<< [apiv2][status] POST https://cloudresourcemanager.googleapis.com/v1/projects/ceso-aphis-yuc:testIamPermissions 200
[debug] [2025-10-22T17:12:28.538Z] <<< [apiv2][body] POST https://cloudresourcemanager.googleapis.com/v1/projects/ceso-aphis-yuc:testIamPermissions {"permissions":["cloudfunctions.functions.create","cloudfunctions.functions.delete","cloudfunctions.functions.get","cloudfunctions.functions.list","cloudfunctions.functions.update","cloudfunctions.operations.get","firebase.projects.get"]}
[debug] [2025-10-22T17:12:28.538Z] Checked if tokens are valid: true, expires at: 1761155918117
[debug] [2025-10-22T17:12:28.539Z] Checked if tokens are valid: true, expires at: 1761155918117
[debug] [2025-10-22T17:12:28.539Z] >>> [apiv2][query] POST https://iam.googleapis.com/v1/projects/ceso-aphis-yuc/serviceAccounts/ceso-aphis-yuc@appspot.gserviceaccount.com:testIamPermissions [none]
[debug] [2025-10-22T17:12:28.539Z] >>> [apiv2][body] POST https://iam.googleapis.com/v1/projects/ceso-aphis-yuc/serviceAccounts/ceso-aphis-yuc@appspot.gserviceaccount.com:testIamPermissions {"permissions":["iam.serviceAccounts.actAs"]}
[debug] [2025-10-22T17:12:28.940Z] <<< [apiv2][status] POST https://iam.googleapis.com/v1/projects/ceso-aphis-yuc/serviceAccounts/ceso-aphis-yuc@appspot.gserviceaccount.com:testIamPermissions 200
[debug] [2025-10-22T17:12:28.941Z] <<< [apiv2][body] POST https://iam.googleapis.com/v1/projects/ceso-aphis-yuc/serviceAccounts/ceso-aphis-yuc@appspot.gserviceaccount.com:testIamPermissions {"permissions":["iam.serviceAccounts.actAs"]}
[info] 
[info] === Deploying to 'ceso-aphis-yuc'...
[info] 
[info] i  deploying functions 
[debug] [2025-10-22T17:12:28.949Z] Checked if tokens are valid: true, expires at: 1761155918117
[debug] [2025-10-22T17:12:28.950Z] Checked if tokens are valid: true, expires at: 1761155918117
[debug] [2025-10-22T17:12:28.950Z] >>> [apiv2][query] GET https://cloudresourcemanager.googleapis.com/v1/projects/ceso-aphis-yuc [none]
[debug] [2025-10-22T17:12:29.086Z] <<< [apiv2][status] GET https://cloudresourcemanager.googleapis.com/v1/projects/ceso-aphis-yuc 200
[debug] [2025-10-22T17:12:29.086Z] <<< [apiv2][body] GET https://cloudresourcemanager.googleapis.com/v1/projects/ceso-aphis-yuc {"projectNumber":"584773462235","projectId":"ceso-aphis-yuc","lifecycleState":"ACTIVE","name":"ceso-aphis-yuc","labels":{"firebase":"enabled","firebase-core":"disabled"},"createTime":"2025-10-04T21:32:18.474810Z"}
[info] i  functions: preparing codebase default for deployment 
[info] i  functions: ensuring required API cloudfunctions.googleapis.com is enabled... 
[info] i  functions: ensuring required API cloudbuild.googleapis.com is enabled... 
[info] i  artifactregistry: ensuring required API artifactregistry.googleapis.com is enabled... 
[debug] [2025-10-22T17:12:29.097Z] Checked if tokens are valid: true, expires at: 1761155918117
[debug] [2025-10-22T17:12:29.097Z] Checked if tokens are valid: true, expires at: 1761155918117
[debug] [2025-10-22T17:12:29.098Z] >>> [apiv2][query] GET https://firebase.googleapis.com/v1beta1/projects/ceso-aphis-yuc/adminSdkConfig [none]
[debug] [2025-10-22T17:12:30.569Z] <<< [apiv2][status] GET https://firebase.googleapis.com/v1beta1/projects/ceso-aphis-yuc/adminSdkConfig 200
[debug] [2025-10-22T17:12:30.569Z] <<< [apiv2][body] GET https://firebase.googleapis.com/v1beta1/projects/ceso-aphis-yuc/adminSdkConfig {"projectId":"ceso-aphis-yuc","storageBucket":"ceso-aphis-yuc.firebasestorage.app"}
[debug] [2025-10-22T17:12:30.570Z] Checked if tokens are valid: true, expires at: 1761155918117
[debug] [2025-10-22T17:12:30.570Z] Checked if tokens are valid: true, expires at: 1761155918117
[debug] [2025-10-22T17:12:30.570Z] >>> [apiv2][query] GET https://runtimeconfig.googleapis.com/v1beta1/projects/ceso-aphis-yuc/configs [none]
[debug] [2025-10-22T17:12:31.054Z] <<< [apiv2][status] GET https://runtimeconfig.googleapis.com/v1beta1/projects/ceso-aphis-yuc/configs 200
[debug] [2025-10-22T17:12:31.054Z] <<< [apiv2][body] GET https://runtimeconfig.googleapis.com/v1beta1/projects/ceso-aphis-yuc/configs {"configs":[{"name":"projects/ceso-aphis-yuc/configs/admin"}]}
[debug] [2025-10-22T17:12:31.055Z] Checked if tokens are valid: true, expires at: 1761155918117
[debug] [2025-10-22T17:12:31.055Z] Checked if tokens are valid: true, expires at: 1761155918117
[debug] [2025-10-22T17:12:31.055Z] >>> [apiv2][query] GET https://runtimeconfig.googleapis.com/v1beta1/projects/ceso-aphis-yuc/configs/admin/variables [none]
[debug] [2025-10-22T17:12:31.271Z] <<< [apiv2][status] GET https://runtimeconfig.googleapis.com/v1beta1/projects/ceso-aphis-yuc/configs/admin/variables 200
[debug] [2025-10-22T17:12:31.272Z] <<< [apiv2][body] GET https://runtimeconfig.googleapis.com/v1beta1/projects/ceso-aphis-yuc/configs/admin/variables {"variables":[{"name":"projects/ceso-aphis-yuc/configs/admin/variables/key","updateTime":"2025-10-22T16:58:46.001781381Z"}]}
[debug] [2025-10-22T17:12:31.272Z] Checked if tokens are valid: true, expires at: 1761155918117
[debug] [2025-10-22T17:12:31.272Z] Checked if tokens are valid: true, expires at: 1761155918117
[debug] [2025-10-22T17:12:31.273Z] >>> [apiv2][query] GET https://runtimeconfig.googleapis.com/v1beta1/projects/ceso-aphis-yuc/configs/admin/variables/key [none]
[debug] [2025-10-22T17:12:31.505Z] <<< [apiv2][status] GET https://runtimeconfig.googleapis.com/v1beta1/projects/ceso-aphis-yuc/configs/admin/variables/key 200
[debug] [2025-10-22T17:12:31.505Z] <<< [apiv2][body] GET https://runtimeconfig.googleapis.com/v1beta1/projects/ceso-aphis-yuc/configs/admin/variables/key {"name":"projects/ceso-aphis-yuc/configs/admin/variables/key","updateTime":"2025-10-22T16:58:46.001781381Z","text":"REPLACE_WITH_STRONG_KEY"}
[debug] [2025-10-22T17:12:31.509Z] Validating nodejs source
[warn] !  functions: Runtime Node.js 18 was deprecated on 2025-04-30 and will be decommissioned on 2025-10-30, after which you will not be able to deploy without upgrading. Consider upgrading now to avoid disruption. See https://cloud.google.com/functions/docs/runtime-support for full details on the lifecycle policy 
[warn] !  functions: package.json indicates an outdated version of firebase-functions. Please upgrade using npm install --save firebase-functions@latest in your functions directory. 
[warn] !  functions: Please note that there will be breaking changes when you upgrade. 
[debug] [2025-10-22T17:12:33.234Z] > [functions] package.json contents: {
  "name": "functions",
  "version": "1.0.0",
  "description": "Cloud Functions for Centro de Consulta",
  "main": "index.js",
  "scripts": {
    "lint": "eslint .",
    "serve": "firebase emulators:start --only functions",
    "shell": "firebase functions:shell",
    "start": "npm run shell",
    "deploy": "firebase deploy --only functions",
    "logs": "firebase functions:log"
  },
  "engines": {
    "node": "18"
  },
  "dependencies": {
    "firebase-admin": "^12.7.0",
    "firebase-functions": "^4.9.0",
    "cors": "^2.8.5"
  },
  "devDependencies": {
    "eslint": "^8.15.0",
    "eslint-config-google": "^0.14.0",
    "firebase-functions-test": "^3.1.0"
  },
  "private": true
}
[debug] [2025-10-22T17:12:33.234Z] Building nodejs source
[info] i  functions: Loading and analyzing source code for codebase default to determine what to deploy 
[info] i  functions: You are using a version of firebase-functions SDK (4.9.0) that does not have support for the newest Firebase Extensions features. Please update firebase-functions SDK to >=5.1.0 to use them correctly 
[debug] [2025-10-22T17:12:33.239Z] Could not find functions.yaml. Must use http discovery
[debug] [2025-10-22T17:12:33.257Z] Found firebase-functions binary at 'C:\proyectos\tb-yucatan_new_web_app\functions\node_modules\.bin\firebase-functions'
[info] Serving at port 8710

[debug] [2025-10-22T17:12:34.955Z] Got response from /__/functions.yaml {"endpoints":{"adminUpload":{"platform":"gcfv1","availableMemoryMb":null,"timeoutSeconds":null,"minInstances":null,"maxInstances":null,"ingressSettings":null,"serviceAccountEmail":null,"vpc":null,"httpsTrigger":{},"entryPoint":"adminUpload"}},"specVersion":"v1alpha1","requiredAPIs":[]}
[info] i  functions: preparing functions directory for uploading... 
[info] i  functions: packaged C:\proyectos\tb-yucatan_new_web_app\functions (45.17 KB) for uploading 
[debug] [2025-10-22T17:12:39.227Z] Checked if tokens are valid: true, expires at: 1761155918117
[debug] [2025-10-22T17:12:39.227Z] Checked if tokens are valid: true, expires at: 1761155918117
[debug] [2025-10-22T17:12:39.227Z] >>> [apiv2][query] GET https://cloudfunctions.googleapis.com/v1/projects/ceso-aphis-yuc/locations/-/functions [none]
[debug] [2025-10-22T17:12:40.065Z] <<< [apiv2][status] GET https://cloudfunctions.googleapis.com/v1/projects/ceso-aphis-yuc/locations/-/functions 200
[debug] [2025-10-22T17:12:40.065Z] <<< [apiv2][body] GET https://cloudfunctions.googleapis.com/v1/projects/ceso-aphis-yuc/locations/-/functions {"functions":[{"name":"projects/ceso-aphis-yuc/locations/us-central1/functions/adminUpload","httpsTrigger":{"url":"https://us-central1-ceso-aphis-yuc.cloudfunctions.net/adminUpload","securityLevel":"SECURE_ALWAYS"},"status":"OFFLINE","entryPoint":"adminUpload","timeout":"60s","availableMemoryMb":256,"serviceAccountEmail":"ceso-aphis-yuc@appspot.gserviceaccount.com","updateTime":"2025-10-22T17:07:31.046619737Z","versionId":"1","labels":{"deployment-tool":"cli-firebase","firebase-functions-hash":"b228319acf56b158f0ef2600334c162d53250b50"},"sourceUploadUrl":"https://storage.googleapis.com/uploads-362328785189.us-central1.cloudfunctions.appspot.com/93ab30bc-09f8-4b88-8e31-3f56fa6e2654.zip","environmentVariables":{"FIREBASE_CONFIG":"{\"projectId\":\"ceso-aphis-yuc\",\"storageBucket\":\"ceso-aphis-yuc.firebasestorage.app\"}","GCLOUD_PROJECT":"ceso-aphis-yuc","EVENTARC_CLOUD_EVENT_SOURCE":"projects/ceso-aphis-yuc/locations/us-central1/functions/adminUpload"},"runtime":"nodejs18","ingressSettings":"ALLOW_ALL","buildId":"42d0ccbe-60dd-426d-ae5d-09d6a20f1e27","buildEnvironmentVariables":{"GOOGLE_NODE_RUN_SCRIPTS":""},"buildName":"projects/584773462235/locations/us-central1/builds/42d0ccbe-60dd-426d-ae5d-09d6a20f1e27","dockerRegistry":"ARTIFACT_REGISTRY","automaticUpdatePolicy":{},"buildServiceAccount":"projects/ceso-aphis-yuc/serviceAccounts/584773462235-compute@developer.gserviceaccount.com","satisfiesPzi":true}]}
[debug] [2025-10-22T17:12:40.068Z] Checked if tokens are valid: true, expires at: 1761155918117
[debug] [2025-10-22T17:12:40.069Z] Checked if tokens are valid: true, expires at: 1761155918117
[debug] [2025-10-22T17:12:40.070Z] >>> [apiv2][query] GET https://cloudfunctions.googleapis.com/v2/projects/ceso-aphis-yuc/locations/-/functions filter=environment%3D%22GEN_2%22
[debug] [2025-10-22T17:12:40.559Z] <<< [apiv2][status] GET https://cloudfunctions.googleapis.com/v2/projects/ceso-aphis-yuc/locations/-/functions 200
[debug] [2025-10-22T17:12:40.559Z] <<< [apiv2][body] GET https://cloudfunctions.googleapis.com/v2/projects/ceso-aphis-yuc/locations/-/functions {"functions":[{"name":"projects/ceso-aphis-yuc/locations/us-central1/functions/setCustomUserRole","buildConfig":{"build":"projects/584773462235/locations/us-central1/builds/80adacad-fdcf-4019-b1f3-b35540604092","runtime":"nodejs22","entryPoint":"setCustomUserRole","source":{"storageSource":{"bucket":"gcf-v2-sources-584773462235-us-central1","object":"setCustomUserRole/function-source.zip","generation":"1761003231827502"}},"environmentVariables":{"GOOGLE_NODE_RUN_SCRIPTS":""},"dockerRepository":"projects/ceso-aphis-yuc/locations/us-central1/repositories/gcf-artifacts","sourceProvenance":{"resolvedStorageSource":{"bucket":"gcf-v2-sources-584773462235-us-central1","object":"setCustomUserRole/function-source.zip","generation":"1761003231827502"}},"dockerRegistry":"ARTIFACT_REGISTRY","serviceAccount":"projects/ceso-aphis-yuc/serviceAccounts/584773462235-compute@developer.gserviceaccount.com","automaticUpdatePolicy":{}},"serviceConfig":{"service":"projects/ceso-aphis-yuc/locations/us-central1/services/setcustomuserrole","timeoutSeconds":60,"environmentVariables":{"FIREBASE_CONFIG":"{\"projectId\":\"ceso-aphis-yuc\",\"storageBucket\":\"ceso-aphis-yuc.firebasestorage.app\"}","GCLOUD_PROJECT":"ceso-aphis-yuc","EVENTARC_CLOUD_EVENT_SOURCE":"projects/ceso-aphis-yuc/locations/us-central1/services/setCustomUserRole","FUNCTION_TARGET":"setCustomUserRole","LOG_EXECUTION_ID":"true"},"maxInstanceCount":20,"ingressSettings":"ALLOW_ALL","uri":"https://setcustomuserrole-nk5y4ez3fq-uc.a.run.app","serviceAccountEmail":"584773462235-compute@developer.gserviceaccount.com","availableMemory":"256Mi","allTrafficOnLatestRevision":true,"revision":"setcustomuserrole-00001-vip","maxInstanceRequestConcurrency":80,"availableCpu":"1"},"state":"ACTIVE","updateTime":"2025-10-20T23:35:31.612160360Z","labels":{"deployment-tool":"cli-firebase","deployment-callable":"true","firebase-functions-hash":"a24d144de07bee6e1238e7fcd42f9e6e1dc0d9c3"},"environment":"GEN_2","url":"https://us-central1-ceso-aphis-yuc.cloudfunctions.net/setCustomUserRole","createTime":"2025-10-20T23:33:52.097563898Z","satisfiesPzi":true}]}
[debug] [2025-10-22T17:12:40.572Z] Checked if tokens are valid: true, expires at: 1761155918117
[debug] [2025-10-22T17:12:40.573Z] Checked if tokens are valid: true, expires at: 1761155918117
[debug] [2025-10-22T17:12:40.573Z] >>> [apiv2][query] GET https://cloudresourcemanager.googleapis.com/v1/projects/ceso-aphis-yuc [none]
[debug] [2025-10-22T17:12:40.991Z] <<< [apiv2][status] GET https://cloudresourcemanager.googleapis.com/v1/projects/ceso-aphis-yuc 200
[debug] [2025-10-22T17:12:40.992Z] <<< [apiv2][body] GET https://cloudresourcemanager.googleapis.com/v1/projects/ceso-aphis-yuc {"projectNumber":"584773462235","projectId":"ceso-aphis-yuc","lifecycleState":"ACTIVE","name":"ceso-aphis-yuc","labels":{"firebase":"enabled","firebase-core":"disabled"},"createTime":"2025-10-04T21:32:18.474810Z"}
[debug] [2025-10-22T17:12:40.994Z] Checked if tokens are valid: true, expires at: 1761155918117
[debug] [2025-10-22T17:12:40.995Z] Checked if tokens are valid: true, expires at: 1761155918117
[debug] [2025-10-22T17:12:40.996Z] >>> [apiv2][query] POST https://cloudfunctions.googleapis.com/v1/projects/ceso-aphis-yuc/locations/us-central1/functions:generateUploadUrl [none]
[debug] [2025-10-22T17:12:40.996Z] >>> [apiv2][body] POST https://cloudfunctions.googleapis.com/v1/projects/ceso-aphis-yuc/locations/us-central1/functions:generateUploadUrl {}
[debug] [2025-10-22T17:12:41.506Z] <<< [apiv2][status] POST https://cloudfunctions.googleapis.com/v1/projects/ceso-aphis-yuc/locations/us-central1/functions:generateUploadUrl 200
[debug] [2025-10-22T17:12:41.506Z] <<< [apiv2][body] POST https://cloudfunctions.googleapis.com/v1/projects/ceso-aphis-yuc/locations/us-central1/functions:generateUploadUrl {"uploadUrl":"https://storage.googleapis.com/uploads-362328785189.us-central1.cloudfunctions.appspot.com/ff20e264-64ac-4bd3-a3ab-3ba3efd1c4aa.zip?GoogleAccessId=service-584773462235@gcf-admin-robot.iam.gserviceaccount.com&Expires=1761154963&Signature=PKEbiL4NIheeF2Sc37oHf7X3rnByAJoxKQLpqGJS0lqVRQU7VgyMvH5IEooFjxgpwaycbpUXyYcT7FPWRpZdPq7N83t5J14HswyfZtwZWsbVIjYVQ%2F9BPtA4gFkcFa58b7ejsPL0vxM9P4SRPEhDkj48cqCxyt8Cxtf%2B3ZUf8mZ3rhILsf6gB9QBzH4Bx7rNDcXwd0qyqH16TBB28L%2FvDhVsq2HeDaGByoHBT5fc8KU4SgeWS494ofK1u0qjV3dADnSlfGWlmqMmY4ycjcWOxvQw4D6wbB1AvvIhVeR%2Brb0ZpgsrZW0B67js6cN%2FKN9FQf2lZszWd%2FtFcQLIrjsLhQ%3D%3D"}
[debug] [2025-10-22T17:12:41.508Z] >>> [apiv2][query] PUT https://storage.googleapis.com/uploads-362328785189.us-central1.cloudfunctions.appspot.com/ff20e264-64ac-4bd3-a3ab-3ba3efd1c4aa.zip GoogleAccessId=service-584773462235%40gcf-admin-robot.iam.gserviceaccount.com&Expires=1761154963&Signature=PKEbiL4NIheeF2Sc37oHf7X3rnByAJoxKQLpqGJS0lqVRQU7VgyMvH5IEooFjxgpwaycbpUXyYcT7FPWRpZdPq7N83t5J14HswyfZtwZWsbVIjYVQ%2F9BPtA4gFkcFa58b7ejsPL0vxM9P4SRPEhDkj48cqCxyt8Cxtf%2B3ZUf8mZ3rhILsf6gB9QBzH4Bx7rNDcXwd0qyqH16TBB28L%2FvDhVsq2HeDaGByoHBT5fc8KU4SgeWS494ofK1u0qjV3dADnSlfGWlmqMmY4ycjcWOxvQw4D6wbB1AvvIhVeR%2Brb0ZpgsrZW0B67js6cN%2FKN9FQf2lZszWd%2FtFcQLIrjsLhQ%3D%3D
[debug] [2025-10-22T17:12:41.508Z] >>> [apiv2][body] PUT https://storage.googleapis.com/uploads-362328785189.us-central1.cloudfunctions.appspot.com/ff20e264-64ac-4bd3-a3ab-3ba3efd1c4aa.zip [stream]
[debug] [2025-10-22T17:12:41.893Z] <<< [apiv2][status] PUT https://storage.googleapis.com/uploads-362328785189.us-central1.cloudfunctions.appspot.com/ff20e264-64ac-4bd3-a3ab-3ba3efd1c4aa.zip 200
[debug] [2025-10-22T17:12:41.893Z] <<< [apiv2][body] PUT https://storage.googleapis.com/uploads-362328785189.us-central1.cloudfunctions.appspot.com/ff20e264-64ac-4bd3-a3ab-3ba3efd1c4aa.zip [omitted]
[info] +  functions: functions source uploaded successfully 
[info] i  functions: updating Node.js 18 (1st Gen) function adminUpload(us-central1)... 
[debug] [2025-10-22T17:12:41.906Z] Checked if tokens are valid: true, expires at: 1761155918117
[debug] [2025-10-22T17:12:41.906Z] Checked if tokens are valid: true, expires at: 1761155918117
[debug] [2025-10-22T17:12:41.906Z] >>> [apiv2][query] PATCH https://cloudfunctions.googleapis.com/v1/projects/ceso-aphis-yuc/locations/us-central1/functions/adminUpload updateMask=name%2CsourceUploadUrl%2CentryPoint%2Cruntime%2CdockerRegistry%2Clabels%2ChttpsTrigger.securityLevel%2CminInstances%2CmaxInstances%2CingressSettings%2CenvironmentVariables%2CserviceAccountEmail%2CavailableMemoryMb%2Ctimeout%2CvpcConnector%2CvpcConnectorEgressSettings%2CsourceToken%2CbuildEnvironmentVariables
[debug] [2025-10-22T17:12:41.907Z] >>> [apiv2][body] PATCH https://cloudfunctions.googleapis.com/v1/projects/ceso-aphis-yuc/locations/us-central1/functions/adminUpload {"name":"projects/ceso-aphis-yuc/locations/us-central1/functions/adminUpload","sourceUploadUrl":"https://storage.googleapis.com/uploads-362328785189.us-central1.cloudfunctions.appspot.com/ff20e264-64ac-4bd3-a3ab-3ba3efd1c4aa.zip?GoogleAccessId=service-584773462235@gcf-admin-robot.iam.gserviceaccount.com&Expires=1761154963&Signature=PKEbiL4NIheeF2Sc37oHf7X3rnByAJoxKQLpqGJS0lqVRQU7VgyMvH5IEooFjxgpwaycbpUXyYcT7FPWRpZdPq7N83t5J14HswyfZtwZWsbVIjYVQ%2F9BPtA4gFkcFa58b7ejsPL0vxM9P4SRPEhDkj48cqCxyt8Cxtf%2B3ZUf8mZ3rhILsf6gB9QBzH4Bx7rNDcXwd0qyqH16TBB28L%2FvDhVsq2HeDaGByoHBT5fc8KU4SgeWS494ofK1u0qjV3dADnSlfGWlmqMmY4ycjcWOxvQw4D6wbB1AvvIhVeR%2Brb0ZpgsrZW0B67js6cN%2FKN9FQf2lZszWd%2FtFcQLIrjsLhQ%3D%3D","entryPoint":"adminUpload","runtime":"nodejs18","dockerRegistry":"ARTIFACT_REGISTRY","labels":{"deployment-tool":"cli-firebase","firebase-functions-hash":"d45af698d4b2b7cf6ad80d87b34af534503b0d75"},"httpsTrigger":{"securityLevel":"SECURE_ALWAYS"},"minInstances":null,"maxInstances":null,"ingressSettings":null,"environmentVariables":{"FIREBASE_CONFIG":"{\"projectId\":\"ceso-aphis-yuc\",\"storageBucket\":\"ceso-aphis-yuc.firebasestorage.app\"}","GCLOUD_PROJECT":"ceso-aphis-yuc","EVENTARC_CLOUD_EVENT_SOURCE":"projects/ceso-aphis-yuc/locations/us-central1/functions/adminUpload"},"serviceAccountEmail":null,"availableMemoryMb":null,"timeout":null,"vpcConnector":null,"vpcConnectorEgressSettings":null,"buildEnvironmentVariables":{"GOOGLE_NODE_RUN_SCRIPTS":""}}
[debug] [2025-10-22T17:12:42.350Z] <<< [apiv2][status] PATCH https://cloudfunctions.googleapis.com/v1/projects/ceso-aphis-yuc/locations/us-central1/functions/adminUpload 200
[debug] [2025-10-22T17:12:42.350Z] <<< [apiv2][body] PATCH https://cloudfunctions.googleapis.com/v1/projects/ceso-aphis-yuc/locations/us-central1/functions/adminUpload {"name":"operations/Y2Vzby1hcGhpcy15dWMvdXMtY2VudHJhbDEvYWRtaW5VcGxvYWQvNDd6TkU0RGpHNXM","metadata":{"@type":"type.googleapis.com/google.cloud.functions.v1.OperationMetadataV1","target":"projects/ceso-aphis-yuc/locations/us-central1/functions/adminUpload","type":"UPDATE_FUNCTION","request":{"@type":"type.googleapis.com/google.cloud.functions.v1.CloudFunction","name":"projects/ceso-aphis-yuc/locations/us-central1/functions/adminUpload","httpsTrigger":{"url":"https://us-central1-ceso-aphis-yuc.cloudfunctions.net/adminUpload","securityLevel":"SECURE_ALWAYS"},"status":"OFFLINE","entryPoint":"adminUpload","updateTime":"2025-10-22T17:07:28.872Z","versionId":"1","labels":{"deployment-tool":"cli-firebase","firebase-functions-hash":"d45af698d4b2b7cf6ad80d87b34af534503b0d75"},"sourceUploadUrl":"https://storage.googleapis.com/uploads-362328785189.us-central1.cloudfunctions.appspot.com/ff20e264-64ac-4bd3-a3ab-3ba3efd1c4aa.zip?GoogleAccessId=service-584773462235@gcf-admin-robot.iam.gserviceaccount.com&Expires=1761154963&Signature=PKEbiL4NIheeF2Sc37oHf7X3rnByAJoxKQLpqGJS0lqVRQU7VgyMvH5IEooFjxgpwaycbpUXyYcT7FPWRpZdPq7N83t5J14HswyfZtwZWsbVIjYVQ%2F9BPtA4gFkcFa58b7ejsPL0vxM9P4SRPEhDkj48cqCxyt8Cxtf%2B3ZUf8mZ3rhILsf6gB9QBzH4Bx7rNDcXwd0qyqH16TBB28L%2FvDhVsq2HeDaGByoHBT5fc8KU4SgeWS494ofK1u0qjV3dADnSlfGWlmqMmY4ycjcWOxvQw4D6wbB1AvvIhVeR%2Brb0ZpgsrZW0B67js6cN%2FKN9FQf2lZszWd%2FtFcQLIrjsLhQ%3D%3D","environmentVariables":{"FIREBASE_CONFIG":"{\"projectId\":\"ceso-aphis-yuc\",\"storageBucket\":\"ceso-aphis-yuc.firebasestorage.app\"}","GCLOUD_PROJECT":"ceso-aphis-yuc","EVENTARC_CLOUD_EVENT_SOURCE":"projects/ceso-aphis-yuc/locations/us-central1/functions/adminUpload"},"runtime":"nodejs18","buildId":"42d0ccbe-60dd-426d-ae5d-09d6a20f1e27","buildEnvironmentVariables":{"GOOGLE_NODE_RUN_SCRIPTS":""},"buildName":"projects/584773462235/locations/us-central1/builds/42d0ccbe-60dd-426d-ae5d-09d6a20f1e27","dockerRegistry":"ARTIFACT_REGISTRY","automaticUpdatePolicy":{},"buildServiceAccount":"projects/ceso-aphis-yuc/serviceAccounts/584773462235-compute@developer.gserviceaccount.com"},"versionId":"2","updateTime":"2025-10-22T17:12:44Z"}}
[debug] [2025-10-22T17:12:42.351Z] Checked if tokens are valid: true, expires at: 1761155918117
[debug] [2025-10-22T17:12:42.351Z] Checked if tokens are valid: true, expires at: 1761155918117
[debug] [2025-10-22T17:12:42.352Z] >>> [apiv2][query] GET https://cloudfunctions.googleapis.com/v1/operations/Y2Vzby1hcGhpcy15dWMvdXMtY2VudHJhbDEvYWRtaW5VcGxvYWQvNDd6TkU0RGpHNXM [none]
[debug] [2025-10-22T17:12:42.542Z] <<< [apiv2][status] GET https://cloudfunctions.googleapis.com/v1/operations/Y2Vzby1hcGhpcy15dWMvdXMtY2VudHJhbDEvYWRtaW5VcGxvYWQvNDd6TkU0RGpHNXM 200
[debug] [2025-10-22T17:12:42.542Z] <<< [apiv2][body] GET https://cloudfunctions.googleapis.com/v1/operations/Y2Vzby1hcGhpcy15dWMvdXMtY2VudHJhbDEvYWRtaW5VcGxvYWQvNDd6TkU0RGpHNXM {"name":"operations/Y2Vzby1hcGhpcy15dWMvdXMtY2VudHJhbDEvYWRtaW5VcGxvYWQvNDd6TkU0RGpHNXM","metadata":{"@type":"type.googleapis.com/google.cloud.functions.v1.OperationMetadataV1","target":"projects/ceso-aphis-yuc/locations/us-central1/functions/adminUpload","type":"UPDATE_FUNCTION","request":{"@type":"type.googleapis.com/google.cloud.functions.v1.CloudFunction","name":"projects/ceso-aphis-yuc/locations/us-central1/functions/adminUpload","httpsTrigger":{"url":"https://us-central1-ceso-aphis-yuc.cloudfunctions.net/adminUpload","securityLevel":"SECURE_ALWAYS"},"status":"OFFLINE","entryPoint":"adminUpload","updateTime":"2025-10-22T17:07:28.872Z","versionId":"1","labels":{"deployment-tool":"cli-firebase","firebase-functions-hash":"d45af698d4b2b7cf6ad80d87b34af534503b0d75"},"sourceUploadUrl":"https://storage.googleapis.com/uploads-362328785189.us-central1.cloudfunctions.appspot.com/ff20e264-64ac-4bd3-a3ab-3ba3efd1c4aa.zip?GoogleAccessId=service-584773462235@gcf-admin-robot.iam.gserviceaccount.com&Expires=1761154963&Signature=PKEbiL4NIheeF2Sc37oHf7X3rnByAJoxKQLpqGJS0lqVRQU7VgyMvH5IEooFjxgpwaycbpUXyYcT7FPWRpZdPq7N83t5J14HswyfZtwZWsbVIjYVQ%2F9BPtA4gFkcFa58b7ejsPL0vxM9P4SRPEhDkj48cqCxyt8Cxtf%2B3ZUf8mZ3rhILsf6gB9QBzH4Bx7rNDcXwd0qyqH16TBB28L%2FvDhVsq2HeDaGByoHBT5fc8KU4SgeWS494ofK1u0qjV3dADnSlfGWlmqMmY4ycjcWOxvQw4D6wbB1AvvIhVeR%2Brb0ZpgsrZW0B67js6cN%2FKN9FQf2lZszWd%2FtFcQLIrjsLhQ%3D%3D","environmentVariables":{"FIREBASE_CONFIG":"{\"projectId\":\"ceso-aphis-yuc\",\"storageBucket\":\"ceso-aphis-yuc.firebasestorage.app\"}","GCLOUD_PROJECT":"ceso-aphis-yuc","EVENTARC_CLOUD_EVENT_SOURCE":"projects/ceso-aphis-yuc/locations/us-central1/functions/adminUpload"},"runtime":"nodejs18","buildId":"42d0ccbe-60dd-426d-ae5d-09d6a20f1e27","buildEnvironmentVariables":{"GOOGLE_NODE_RUN_SCRIPTS":""},"buildName":"projects/584773462235/locations/us-central1/builds/42d0ccbe-60dd-426d-ae5d-09d6a20f1e27","dockerRegistry":"ARTIFACT_REGISTRY","automaticUpdatePolicy":{},"buildServiceAccount":"projects/ceso-aphis-yuc/serviceAccounts/584773462235-compute@developer.gserviceaccount.com"},"versionId":"2","updateTime":"2025-10-22T17:12:44Z"}}
[debug] [2025-10-22T17:12:43.048Z] [update-default-us-central1-adminUpload] Retrying task index 0
[debug] [2025-10-22T17:12:43.048Z] Checked if tokens are valid: true, expires at: 1761155918117
[debug] [2025-10-22T17:12:43.049Z] Checked if tokens are valid: true, expires at: 1761155918117
[debug] [2025-10-22T17:12:43.049Z] >>> [apiv2][query] GET https://cloudfunctions.googleapis.com/v1/operations/Y2Vzby1hcGhpcy15dWMvdXMtY2VudHJhbDEvYWRtaW5VcGxvYWQvNDd6TkU0RGpHNXM [none]
[debug] [2025-10-22T17:12:43.227Z] <<< [apiv2][status] GET https://cloudfunctions.googleapis.com/v1/operations/Y2Vzby1hcGhpcy15dWMvdXMtY2VudHJhbDEvYWRtaW5VcGxvYWQvNDd6TkU0RGpHNXM 200
[debug] [2025-10-22T17:12:43.228Z] <<< [apiv2][body] GET https://cloudfunctions.googleapis.com/v1/operations/Y2Vzby1hcGhpcy15dWMvdXMtY2VudHJhbDEvYWRtaW5VcGxvYWQvNDd6TkU0RGpHNXM {"name":"operations/Y2Vzby1hcGhpcy15dWMvdXMtY2VudHJhbDEvYWRtaW5VcGxvYWQvNDd6TkU0RGpHNXM","metadata":{"@type":"type.googleapis.com/google.cloud.functions.v1.OperationMetadataV1","target":"projects/ceso-aphis-yuc/locations/us-central1/functions/adminUpload","type":"UPDATE_FUNCTION","request":{"@type":"type.googleapis.com/google.cloud.functions.v1.CloudFunction","name":"projects/ceso-aphis-yuc/locations/us-central1/functions/adminUpload","httpsTrigger":{"url":"https://us-central1-ceso-aphis-yuc.cloudfunctions.net/adminUpload","securityLevel":"SECURE_ALWAYS"},"status":"OFFLINE","entryPoint":"adminUpload","updateTime":"2025-10-22T17:07:28.872Z","versionId":"1","labels":{"deployment-tool":"cli-firebase","firebase-functions-hash":"d45af698d4b2b7cf6ad80d87b34af534503b0d75"},"sourceUploadUrl":"https://storage.googleapis.com/uploads-362328785189.us-central1.cloudfunctions.appspot.com/ff20e264-64ac-4bd3-a3ab-3ba3efd1c4aa.zip?GoogleAccessId=service-584773462235@gcf-admin-robot.iam.gserviceaccount.com&Expires=1761154963&Signature=PKEbiL4NIheeF2Sc37oHf7X3rnByAJoxKQLpqGJS0lqVRQU7VgyMvH5IEooFjxgpwaycbpUXyYcT7FPWRpZdPq7N83t5J14HswyfZtwZWsbVIjYVQ%2F9BPtA4gFkcFa58b7ejsPL0vxM9P4SRPEhDkj48cqCxyt8Cxtf%2B3ZUf8mZ3rhILsf6gB9QBzH4Bx7rNDcXwd0qyqH16TBB28L%2FvDhVsq2HeDaGByoHBT5fc8KU4SgeWS494ofK1u0qjV3dADnSlfGWlmqMmY4ycjcWOxvQw4D6wbB1AvvIhVeR%2Brb0ZpgsrZW0B67js6cN%2FKN9FQf2lZszWd%2FtFcQLIrjsLhQ%3D%3D","environmentVariables":{"FIREBASE_CONFIG":"{\"projectId\":\"ceso-aphis-yuc\",\"storageBucket\":\"ceso-aphis-yuc.firebasestorage.app\"}","GCLOUD_PROJECT":"ceso-aphis-yuc","EVENTARC_CLOUD_EVENT_SOURCE":"projects/ceso-aphis-yuc/locations/us-central1/functions/adminUpload"},"runtime":"nodejs18","buildId":"42d0ccbe-60dd-426d-ae5d-09d6a20f1e27","buildEnvironmentVariables":{"GOOGLE_NODE_RUN_SCRIPTS":""},"buildName":"projects/584773462235/locations/us-central1/builds/42d0ccbe-60dd-426d-ae5d-09d6a20f1e27","dockerRegistry":"ARTIFACT_REGISTRY","automaticUpdatePolicy":{},"buildServiceAccount":"projects/ceso-aphis-yuc/serviceAccounts/584773462235-compute@developer.gserviceaccount.com"},"versionId":"2","updateTime":"2025-10-22T17:12:44Z","buildId":"16f509af-5131-40c0-8b7c-0801502f0b86","buildName":"projects/584773462235/locations/us-central1/builds/16f509af-5131-40c0-8b7c-0801502f0b86"}}
[debug] [2025-10-22T17:12:44.249Z] [update-default-us-central1-adminUpload] Retrying task index 0
[debug] [2025-10-22T17:12:44.275Z] Checked if tokens are valid: true, expires at: 1761155918117
[debug] [2025-10-22T17:12:44.275Z] Checked if tokens are valid: true, expires at: 1761155918117
[debug] [2025-10-22T17:12:44.276Z] >>> [apiv2][query] GET https://cloudfunctions.googleapis.com/v1/operations/Y2Vzby1hcGhpcy15dWMvdXMtY2VudHJhbDEvYWRtaW5VcGxvYWQvNDd6TkU0RGpHNXM [none]
[debug] [2025-10-22T17:12:44.490Z] <<< [apiv2][status] GET https://cloudfunctions.googleapis.com/v1/operations/Y2Vzby1hcGhpcy15dWMvdXMtY2VudHJhbDEvYWRtaW5VcGxvYWQvNDd6TkU0RGpHNXM 200
[debug] [2025-10-22T17:12:44.493Z] <<< [apiv2][body] GET https://cloudfunctions.googleapis.com/v1/operations/Y2Vzby1hcGhpcy15dWMvdXMtY2VudHJhbDEvYWRtaW5VcGxvYWQvNDd6TkU0RGpHNXM {"name":"operations/Y2Vzby1hcGhpcy15dWMvdXMtY2VudHJhbDEvYWRtaW5VcGxvYWQvNDd6TkU0RGpHNXM","metadata":{"@type":"type.googleapis.com/google.cloud.functions.v1.OperationMetadataV1","target":"projects/ceso-aphis-yuc/locations/us-central1/functions/adminUpload","type":"UPDATE_FUNCTION","request":{"@type":"type.googleapis.com/google.cloud.functions.v1.CloudFunction","name":"projects/ceso-aphis-yuc/locations/us-central1/functions/adminUpload","httpsTrigger":{"url":"https://us-central1-ceso-aphis-yuc.cloudfunctions.net/adminUpload","securityLevel":"SECURE_ALWAYS"},"status":"OFFLINE","entryPoint":"adminUpload","updateTime":"2025-10-22T17:07:28.872Z","versionId":"1","labels":{"deployment-tool":"cli-firebase","firebase-functions-hash":"d45af698d4b2b7cf6ad80d87b34af534503b0d75"},"sourceUploadUrl":"https://storage.googleapis.com/uploads-362328785189.us-central1.cloudfunctions.appspot.com/ff20e264-64ac-4bd3-a3ab-3ba3efd1c4aa.zip?GoogleAccessId=service-584773462235@gcf-admin-robot.iam.gserviceaccount.com&Expires=1761154963&Signature=PKEbiL4NIheeF2Sc37oHf7X3rnByAJoxKQLpqGJS0lqVRQU7VgyMvH5IEooFjxgpwaycbpUXyYcT7FPWRpZdPq7N83t5J14HswyfZtwZWsbVIjYVQ%2F9BPtA4gFkcFa58b7ejsPL0vxM9P4SRPEhDkj48cqCxyt8Cxtf%2B3ZUf8mZ3rhILsf6gB9QBzH4Bx7rNDcXwd0qyqH16TBB28L%2FvDhVsq2HeDaGByoHBT5fc8KU4SgeWS494ofK1u0qjV3dADnSlfGWlmqMmY4ycjcWOxvQw4D6wbB1AvvIhVeR%2Brb0ZpgsrZW0B67js6cN%2FKN9FQf2lZszWd%2FtFcQLIrjsLhQ%3D%3D","environmentVariables":{"FIREBASE_CONFIG":"{\"projectId\":\"ceso-aphis-yuc\",\"storageBucket\":\"ceso-aphis-yuc.firebasestorage.app\"}","GCLOUD_PROJECT":"ceso-aphis-yuc","EVENTARC_CLOUD_EVENT_SOURCE":"projects/ceso-aphis-yuc/locations/us-central1/functions/adminUpload"},"runtime":"nodejs18","buildId":"42d0ccbe-60dd-426d-ae5d-09d6a20f1e27","buildEnvironmentVariables":{"GOOGLE_NODE_RUN_SCRIPTS":""},"buildName":"projects/584773462235/locations/us-central1/builds/42d0ccbe-60dd-426d-ae5d-09d6a20f1e27","dockerRegistry":"ARTIFACT_REGISTRY","automaticUpdatePolicy":{},"buildServiceAccount":"projects/ceso-aphis-yuc/serviceAccounts/584773462235-compute@developer.gserviceaccount.com"},"versionId":"2","updateTime":"2025-10-22T17:12:44Z","buildId":"16f509af-5131-40c0-8b7c-0801502f0b86","buildName":"projects/584773462235/locations/us-central1/builds/16f509af-5131-40c0-8b7c-0801502f0b86"}}
[debug] [2025-10-22T17:12:46.505Z] [update-default-us-central1-adminUpload] Retrying task index 0
[debug] [2025-10-22T17:12:46.506Z] Checked if tokens are valid: true, expires at: 1761155918117
[debug] [2025-10-22T17:12:46.506Z] Checked if tokens are valid: true, expires at: 1761155918117
[debug] [2025-10-22T17:12:46.506Z] >>> [apiv2][query] GET https://cloudfunctions.googleapis.com/v1/operations/Y2Vzby1hcGhpcy15dWMvdXMtY2VudHJhbDEvYWRtaW5VcGxvYWQvNDd6TkU0RGpHNXM [none]
[debug] [2025-10-22T17:12:46.682Z] <<< [apiv2][status] GET https://cloudfunctions.googleapis.com/v1/operations/Y2Vzby1hcGhpcy15dWMvdXMtY2VudHJhbDEvYWRtaW5VcGxvYWQvNDd6TkU0RGpHNXM 200
[debug] [2025-10-22T17:12:46.682Z] <<< [apiv2][body] GET https://cloudfunctions.googleapis.com/v1/operations/Y2Vzby1hcGhpcy15dWMvdXMtY2VudHJhbDEvYWRtaW5VcGxvYWQvNDd6TkU0RGpHNXM {"name":"operations/Y2Vzby1hcGhpcy15dWMvdXMtY2VudHJhbDEvYWRtaW5VcGxvYWQvNDd6TkU0RGpHNXM","metadata":{"@type":"type.googleapis.com/google.cloud.functions.v1.OperationMetadataV1","target":"projects/ceso-aphis-yuc/locations/us-central1/functions/adminUpload","type":"UPDATE_FUNCTION","request":{"@type":"type.googleapis.com/google.cloud.functions.v1.CloudFunction","name":"projects/ceso-aphis-yuc/locations/us-central1/functions/adminUpload","httpsTrigger":{"url":"https://us-central1-ceso-aphis-yuc.cloudfunctions.net/adminUpload","securityLevel":"SECURE_ALWAYS"},"status":"OFFLINE","entryPoint":"adminUpload","updateTime":"2025-10-22T17:07:28.872Z","versionId":"1","labels":{"deployment-tool":"cli-firebase","firebase-functions-hash":"d45af698d4b2b7cf6ad80d87b34af534503b0d75"},"sourceUploadUrl":"https://storage.googleapis.com/uploads-362328785189.us-central1.cloudfunctions.appspot.com/ff20e264-64ac-4bd3-a3ab-3ba3efd1c4aa.zip?GoogleAccessId=service-584773462235@gcf-admin-robot.iam.gserviceaccount.com&Expires=1761154963&Signature=PKEbiL4NIheeF2Sc37oHf7X3rnByAJoxKQLpqGJS0lqVRQU7VgyMvH5IEooFjxgpwaycbpUXyYcT7FPWRpZdPq7N83t5J14HswyfZtwZWsbVIjYVQ%2F9BPtA4gFkcFa58b7ejsPL0vxM9P4SRPEhDkj48cqCxyt8Cxtf%2B3ZUf8mZ3rhILsf6gB9QBzH4Bx7rNDcXwd0qyqH16TBB28L%2FvDhVsq2HeDaGByoHBT5fc8KU4SgeWS494ofK1u0qjV3dADnSlfGWlmqMmY4ycjcWOxvQw4D6wbB1AvvIhVeR%2Brb0ZpgsrZW0B67js6cN%2FKN9FQf2lZszWd%2FtFcQLIrjsLhQ%3D%3D","environmentVariables":{"FIREBASE_CONFIG":"{\"projectId\":\"ceso-aphis-yuc\",\"storageBucket\":\"ceso-aphis-yuc.firebasestorage.app\"}","GCLOUD_PROJECT":"ceso-aphis-yuc","EVENTARC_CLOUD_EVENT_SOURCE":"projects/ceso-aphis-yuc/locations/us-central1/functions/adminUpload"},"runtime":"nodejs18","buildId":"42d0ccbe-60dd-426d-ae5d-09d6a20f1e27","buildEnvironmentVariables":{"GOOGLE_NODE_RUN_SCRIPTS":""},"buildName":"projects/584773462235/locations/us-central1/builds/42d0ccbe-60dd-426d-ae5d-09d6a20f1e27","dockerRegistry":"ARTIFACT_REGISTRY","automaticUpdatePolicy":{},"buildServiceAccount":"projects/ceso-aphis-yuc/serviceAccounts/584773462235-compute@developer.gserviceaccount.com"},"versionId":"2","updateTime":"2025-10-22T17:12:44Z","buildId":"16f509af-5131-40c0-8b7c-0801502f0b86","buildName":"projects/584773462235/locations/us-central1/builds/16f509af-5131-40c0-8b7c-0801502f0b86"}}
[debug] [2025-10-22T17:12:50.692Z] [update-default-us-central1-adminUpload] Retrying task index 0
[debug] [2025-10-22T17:12:50.693Z] Checked if tokens are valid: true, expires at: 1761155918117
[debug] [2025-10-22T17:12:50.694Z] Checked if tokens are valid: true, expires at: 1761155918117
[debug] [2025-10-22T17:12:50.694Z] >>> [apiv2][query] GET https://cloudfunctions.googleapis.com/v1/operations/Y2Vzby1hcGhpcy15dWMvdXMtY2VudHJhbDEvYWRtaW5VcGxvYWQvNDd6TkU0RGpHNXM [none]
[debug] [2025-10-22T17:12:50.792Z] <<< [apiv2][status] GET https://cloudfunctions.googleapis.com/v1/operations/Y2Vzby1hcGhpcy15dWMvdXMtY2VudHJhbDEvYWRtaW5VcGxvYWQvNDd6TkU0RGpHNXM 200
[debug] [2025-10-22T17:12:50.792Z] <<< [apiv2][body] GET https://cloudfunctions.googleapis.com/v1/operations/Y2Vzby1hcGhpcy15dWMvdXMtY2VudHJhbDEvYWRtaW5VcGxvYWQvNDd6TkU0RGpHNXM {"name":"operations/Y2Vzby1hcGhpcy15dWMvdXMtY2VudHJhbDEvYWRtaW5VcGxvYWQvNDd6TkU0RGpHNXM","metadata":{"@type":"type.googleapis.com/google.cloud.functions.v1.OperationMetadataV1","target":"projects/ceso-aphis-yuc/locations/us-central1/functions/adminUpload","type":"UPDATE_FUNCTION","request":{"@type":"type.googleapis.com/google.cloud.functions.v1.CloudFunction","name":"projects/ceso-aphis-yuc/locations/us-central1/functions/adminUpload","httpsTrigger":{"url":"https://us-central1-ceso-aphis-yuc.cloudfunctions.net/adminUpload","securityLevel":"SECURE_ALWAYS"},"status":"OFFLINE","entryPoint":"adminUpload","updateTime":"2025-10-22T17:07:28.872Z","versionId":"1","labels":{"deployment-tool":"cli-firebase","firebase-functions-hash":"d45af698d4b2b7cf6ad80d87b34af534503b0d75"},"sourceUploadUrl":"https://storage.googleapis.com/uploads-362328785189.us-central1.cloudfunctions.appspot.com/ff20e264-64ac-4bd3-a3ab-3ba3efd1c4aa.zip?GoogleAccessId=service-584773462235@gcf-admin-robot.iam.gserviceaccount.com&Expires=1761154963&Signature=PKEbiL4NIheeF2Sc37oHf7X3rnByAJoxKQLpqGJS0lqVRQU7VgyMvH5IEooFjxgpwaycbpUXyYcT7FPWRpZdPq7N83t5J14HswyfZtwZWsbVIjYVQ%2F9BPtA4gFkcFa58b7ejsPL0vxM9P4SRPEhDkj48cqCxyt8Cxtf%2B3ZUf8mZ3rhILsf6gB9QBzH4Bx7rNDcXwd0qyqH16TBB28L%2FvDhVsq2HeDaGByoHBT5fc8KU4SgeWS494ofK1u0qjV3dADnSlfGWlmqMmY4ycjcWOxvQw4D6wbB1AvvIhVeR%2Brb0ZpgsrZW0B67js6cN%2FKN9FQf2lZszWd%2FtFcQLIrjsLhQ%3D%3D","environmentVariables":{"FIREBASE_CONFIG":"{\"projectId\":\"ceso-aphis-yuc\",\"storageBucket\":\"ceso-aphis-yuc.firebasestorage.app\"}","GCLOUD_PROJECT":"ceso-aphis-yuc","EVENTARC_CLOUD_EVENT_SOURCE":"projects/ceso-aphis-yuc/locations/us-central1/functions/adminUpload"},"runtime":"nodejs18","buildId":"42d0ccbe-60dd-426d-ae5d-09d6a20f1e27","buildEnvironmentVariables":{"GOOGLE_NODE_RUN_SCRIPTS":""},"buildName":"projects/584773462235/locations/us-central1/builds/42d0ccbe-60dd-426d-ae5d-09d6a20f1e27","dockerRegistry":"ARTIFACT_REGISTRY","automaticUpdatePolicy":{},"buildServiceAccount":"projects/ceso-aphis-yuc/serviceAccounts/584773462235-compute@developer.gserviceaccount.com"},"versionId":"2","updateTime":"2025-10-22T17:12:44Z","buildId":"16f509af-5131-40c0-8b7c-0801502f0b86","buildName":"projects/584773462235/locations/us-central1/builds/16f509af-5131-40c0-8b7c-0801502f0b86"}}
[debug] [2025-10-22T17:12:58.805Z] [update-default-us-central1-adminUpload] Retrying task index 0
[debug] [2025-10-22T17:12:58.807Z] Checked if tokens are valid: true, expires at: 1761155918117
[debug] [2025-10-22T17:12:58.807Z] Checked if tokens are valid: true, expires at: 1761155918117
[debug] [2025-10-22T17:12:58.808Z] >>> [apiv2][query] GET https://cloudfunctions.googleapis.com/v1/operations/Y2Vzby1hcGhpcy15dWMvdXMtY2VudHJhbDEvYWRtaW5VcGxvYWQvNDd6TkU0RGpHNXM [none]
[debug] [2025-10-22T17:12:59.081Z] <<< [apiv2][status] GET https://cloudfunctions.googleapis.com/v1/operations/Y2Vzby1hcGhpcy15dWMvdXMtY2VudHJhbDEvYWRtaW5VcGxvYWQvNDd6TkU0RGpHNXM 200
[debug] [2025-10-22T17:12:59.082Z] <<< [apiv2][body] GET https://cloudfunctions.googleapis.com/v1/operations/Y2Vzby1hcGhpcy15dWMvdXMtY2VudHJhbDEvYWRtaW5VcGxvYWQvNDd6TkU0RGpHNXM {"name":"operations/Y2Vzby1hcGhpcy15dWMvdXMtY2VudHJhbDEvYWRtaW5VcGxvYWQvNDd6TkU0RGpHNXM","metadata":{"@type":"type.googleapis.com/google.cloud.functions.v1.OperationMetadataV1","target":"projects/ceso-aphis-yuc/locations/us-central1/functions/adminUpload","type":"UPDATE_FUNCTION","request":{"@type":"type.googleapis.com/google.cloud.functions.v1.CloudFunction","name":"projects/ceso-aphis-yuc/locations/us-central1/functions/adminUpload","httpsTrigger":{"url":"https://us-central1-ceso-aphis-yuc.cloudfunctions.net/adminUpload","securityLevel":"SECURE_ALWAYS"},"status":"OFFLINE","entryPoint":"adminUpload","updateTime":"2025-10-22T17:07:28.872Z","versionId":"1","labels":{"deployment-tool":"cli-firebase","firebase-functions-hash":"d45af698d4b2b7cf6ad80d87b34af534503b0d75"},"sourceUploadUrl":"https://storage.googleapis.com/uploads-362328785189.us-central1.cloudfunctions.appspot.com/ff20e264-64ac-4bd3-a3ab-3ba3efd1c4aa.zip?GoogleAccessId=service-584773462235@gcf-admin-robot.iam.gserviceaccount.com&Expires=1761154963&Signature=PKEbiL4NIheeF2Sc37oHf7X3rnByAJoxKQLpqGJS0lqVRQU7VgyMvH5IEooFjxgpwaycbpUXyYcT7FPWRpZdPq7N83t5J14HswyfZtwZWsbVIjYVQ%2F9BPtA4gFkcFa58b7ejsPL0vxM9P4SRPEhDkj48cqCxyt8Cxtf%2B3ZUf8mZ3rhILsf6gB9QBzH4Bx7rNDcXwd0qyqH16TBB28L%2FvDhVsq2HeDaGByoHBT5fc8KU4SgeWS494ofK1u0qjV3dADnSlfGWlmqMmY4ycjcWOxvQw4D6wbB1AvvIhVeR%2Brb0ZpgsrZW0B67js6cN%2FKN9FQf2lZszWd%2FtFcQLIrjsLhQ%3D%3D","environmentVariables":{"FIREBASE_CONFIG":"{\"projectId\":\"ceso-aphis-yuc\",\"storageBucket\":\"ceso-aphis-yuc.firebasestorage.app\"}","GCLOUD_PROJECT":"ceso-aphis-yuc","EVENTARC_CLOUD_EVENT_SOURCE":"projects/ceso-aphis-yuc/locations/us-central1/functions/adminUpload"},"runtime":"nodejs18","buildId":"42d0ccbe-60dd-426d-ae5d-09d6a20f1e27","buildEnvironmentVariables":{"GOOGLE_NODE_RUN_SCRIPTS":""},"buildName":"projects/584773462235/locations/us-central1/builds/42d0ccbe-60dd-426d-ae5d-09d6a20f1e27","dockerRegistry":"ARTIFACT_REGISTRY","automaticUpdatePolicy":{},"buildServiceAccount":"projects/ceso-aphis-yuc/serviceAccounts/584773462235-compute@developer.gserviceaccount.com"},"versionId":"2","updateTime":"2025-10-22T17:12:44Z","buildId":"16f509af-5131-40c0-8b7c-0801502f0b86","buildName":"projects/584773462235/locations/us-central1/builds/16f509af-5131-40c0-8b7c-0801502f0b86"}}
[debug] [2025-10-22T17:13:09.087Z] [update-default-us-central1-adminUpload] Retrying task index 0
[debug] [2025-10-22T17:13:09.088Z] Checked if tokens are valid: true, expires at: 1761155918117
[debug] [2025-10-22T17:13:09.088Z] Checked if tokens are valid: true, expires at: 1761155918117
[debug] [2025-10-22T17:13:09.088Z] >>> [apiv2][query] GET https://cloudfunctions.googleapis.com/v1/operations/Y2Vzby1hcGhpcy15dWMvdXMtY2VudHJhbDEvYWRtaW5VcGxvYWQvNDd6TkU0RGpHNXM [none]
[debug] [2025-10-22T17:13:09.349Z] <<< [apiv2][status] GET https://cloudfunctions.googleapis.com/v1/operations/Y2Vzby1hcGhpcy15dWMvdXMtY2VudHJhbDEvYWRtaW5VcGxvYWQvNDd6TkU0RGpHNXM 200
[debug] [2025-10-22T17:13:09.349Z] <<< [apiv2][body] GET https://cloudfunctions.googleapis.com/v1/operations/Y2Vzby1hcGhpcy15dWMvdXMtY2VudHJhbDEvYWRtaW5VcGxvYWQvNDd6TkU0RGpHNXM {"name":"operations/Y2Vzby1hcGhpcy15dWMvdXMtY2VudHJhbDEvYWRtaW5VcGxvYWQvNDd6TkU0RGpHNXM","metadata":{"@type":"type.googleapis.com/google.cloud.functions.v1.OperationMetadataV1","target":"projects/ceso-aphis-yuc/locations/us-central1/functions/adminUpload","type":"UPDATE_FUNCTION","request":{"@type":"type.googleapis.com/google.cloud.functions.v1.CloudFunction","name":"projects/ceso-aphis-yuc/locations/us-central1/functions/adminUpload","httpsTrigger":{"url":"https://us-central1-ceso-aphis-yuc.cloudfunctions.net/adminUpload","securityLevel":"SECURE_ALWAYS"},"status":"OFFLINE","entryPoint":"adminUpload","updateTime":"2025-10-22T17:07:28.872Z","versionId":"1","labels":{"deployment-tool":"cli-firebase","firebase-functions-hash":"d45af698d4b2b7cf6ad80d87b34af534503b0d75"},"sourceUploadUrl":"https://storage.googleapis.com/uploads-362328785189.us-central1.cloudfunctions.appspot.com/ff20e264-64ac-4bd3-a3ab-3ba3efd1c4aa.zip?GoogleAccessId=service-584773462235@gcf-admin-robot.iam.gserviceaccount.com&Expires=1761154963&Signature=PKEbiL4NIheeF2Sc37oHf7X3rnByAJoxKQLpqGJS0lqVRQU7VgyMvH5IEooFjxgpwaycbpUXyYcT7FPWRpZdPq7N83t5J14HswyfZtwZWsbVIjYVQ%2F9BPtA4gFkcFa58b7ejsPL0vxM9P4SRPEhDkj48cqCxyt8Cxtf%2B3ZUf8mZ3rhILsf6gB9QBzH4Bx7rNDcXwd0qyqH16TBB28L%2FvDhVsq2HeDaGByoHBT5fc8KU4SgeWS494ofK1u0qjV3dADnSlfGWlmqMmY4ycjcWOxvQw4D6wbB1AvvIhVeR%2Brb0ZpgsrZW0B67js6cN%2FKN9FQf2lZszWd%2FtFcQLIrjsLhQ%3D%3D","environmentVariables":{"FIREBASE_CONFIG":"{\"projectId\":\"ceso-aphis-yuc\",\"storageBucket\":\"ceso-aphis-yuc.firebasestorage.app\"}","GCLOUD_PROJECT":"ceso-aphis-yuc","EVENTARC_CLOUD_EVENT_SOURCE":"projects/ceso-aphis-yuc/locations/us-central1/functions/adminUpload"},"runtime":"nodejs18","buildId":"42d0ccbe-60dd-426d-ae5d-09d6a20f1e27","buildEnvironmentVariables":{"GOOGLE_NODE_RUN_SCRIPTS":""},"buildName":"projects/584773462235/locations/us-central1/builds/42d0ccbe-60dd-426d-ae5d-09d6a20f1e27","dockerRegistry":"ARTIFACT_REGISTRY","automaticUpdatePolicy":{},"buildServiceAccount":"projects/ceso-aphis-yuc/serviceAccounts/584773462235-compute@developer.gserviceaccount.com"},"versionId":"2","updateTime":"2025-10-22T17:12:44Z","buildId":"16f509af-5131-40c0-8b7c-0801502f0b86","buildName":"projects/584773462235/locations/us-central1/builds/16f509af-5131-40c0-8b7c-0801502f0b86"}}
[debug] [2025-10-22T17:13:19.350Z] [update-default-us-central1-adminUpload] Retrying task index 0
[debug] [2025-10-22T17:13:19.350Z] Checked if tokens are valid: true, expires at: 1761155918117
[debug] [2025-10-22T17:13:19.350Z] Checked if tokens are valid: true, expires at: 1761155918117
[debug] [2025-10-22T17:13:19.351Z] >>> [apiv2][query] GET https://cloudfunctions.googleapis.com/v1/operations/Y2Vzby1hcGhpcy15dWMvdXMtY2VudHJhbDEvYWRtaW5VcGxvYWQvNDd6TkU0RGpHNXM [none]
[debug] [2025-10-22T17:13:19.641Z] <<< [apiv2][status] GET https://cloudfunctions.googleapis.com/v1/operations/Y2Vzby1hcGhpcy15dWMvdXMtY2VudHJhbDEvYWRtaW5VcGxvYWQvNDd6TkU0RGpHNXM 200
[debug] [2025-10-22T17:13:19.642Z] <<< [apiv2][body] GET https://cloudfunctions.googleapis.com/v1/operations/Y2Vzby1hcGhpcy15dWMvdXMtY2VudHJhbDEvYWRtaW5VcGxvYWQvNDd6TkU0RGpHNXM {"name":"operations/Y2Vzby1hcGhpcy15dWMvdXMtY2VudHJhbDEvYWRtaW5VcGxvYWQvNDd6TkU0RGpHNXM","metadata":{"@type":"type.googleapis.com/google.cloud.functions.v1.OperationMetadataV1","target":"projects/ceso-aphis-yuc/locations/us-central1/functions/adminUpload","type":"UPDATE_FUNCTION","request":{"@type":"type.googleapis.com/google.cloud.functions.v1.CloudFunction","name":"projects/ceso-aphis-yuc/locations/us-central1/functions/adminUpload","httpsTrigger":{"url":"https://us-central1-ceso-aphis-yuc.cloudfunctions.net/adminUpload","securityLevel":"SECURE_ALWAYS"},"status":"OFFLINE","entryPoint":"adminUpload","updateTime":"2025-10-22T17:07:28.872Z","versionId":"1","labels":{"deployment-tool":"cli-firebase","firebase-functions-hash":"d45af698d4b2b7cf6ad80d87b34af534503b0d75"},"sourceUploadUrl":"https://storage.googleapis.com/uploads-362328785189.us-central1.cloudfunctions.appspot.com/ff20e264-64ac-4bd3-a3ab-3ba3efd1c4aa.zip?GoogleAccessId=service-584773462235@gcf-admin-robot.iam.gserviceaccount.com&Expires=1761154963&Signature=PKEbiL4NIheeF2Sc37oHf7X3rnByAJoxKQLpqGJS0lqVRQU7VgyMvH5IEooFjxgpwaycbpUXyYcT7FPWRpZdPq7N83t5J14HswyfZtwZWsbVIjYVQ%2F9BPtA4gFkcFa58b7ejsPL0vxM9P4SRPEhDkj48cqCxyt8Cxtf%2B3ZUf8mZ3rhILsf6gB9QBzH4Bx7rNDcXwd0qyqH16TBB28L%2FvDhVsq2HeDaGByoHBT5fc8KU4SgeWS494ofK1u0qjV3dADnSlfGWlmqMmY4ycjcWOxvQw4D6wbB1AvvIhVeR%2Brb0ZpgsrZW0B67js6cN%2FKN9FQf2lZszWd%2FtFcQLIrjsLhQ%3D%3D","environmentVariables":{"FIREBASE_CONFIG":"{\"projectId\":\"ceso-aphis-yuc\",\"storageBucket\":\"ceso-aphis-yuc.firebasestorage.app\"}","GCLOUD_PROJECT":"ceso-aphis-yuc","EVENTARC_CLOUD_EVENT_SOURCE":"projects/ceso-aphis-yuc/locations/us-central1/functions/adminUpload"},"runtime":"nodejs18","buildId":"42d0ccbe-60dd-426d-ae5d-09d6a20f1e27","buildEnvironmentVariables":{"GOOGLE_NODE_RUN_SCRIPTS":""},"buildName":"projects/584773462235/locations/us-central1/builds/42d0ccbe-60dd-426d-ae5d-09d6a20f1e27","dockerRegistry":"ARTIFACT_REGISTRY","automaticUpdatePolicy":{},"buildServiceAccount":"projects/ceso-aphis-yuc/serviceAccounts/584773462235-compute@developer.gserviceaccount.com"},"versionId":"2","updateTime":"2025-10-22T17:12:44Z","buildId":"16f509af-5131-40c0-8b7c-0801502f0b86","buildName":"projects/584773462235/locations/us-central1/builds/16f509af-5131-40c0-8b7c-0801502f0b86"}}
[debug] [2025-10-22T17:13:29.653Z] [update-default-us-central1-adminUpload] Retrying task index 0
[debug] [2025-10-22T17:13:29.654Z] Checked if tokens are valid: true, expires at: 1761155918117
[debug] [2025-10-22T17:13:29.656Z] Checked if tokens are valid: true, expires at: 1761155918117
[debug] [2025-10-22T17:13:29.657Z] >>> [apiv2][query] GET https://cloudfunctions.googleapis.com/v1/operations/Y2Vzby1hcGhpcy15dWMvdXMtY2VudHJhbDEvYWRtaW5VcGxvYWQvNDd6TkU0RGpHNXM [none]
[debug] [2025-10-22T17:13:29.928Z] <<< [apiv2][status] GET https://cloudfunctions.googleapis.com/v1/operations/Y2Vzby1hcGhpcy15dWMvdXMtY2VudHJhbDEvYWRtaW5VcGxvYWQvNDd6TkU0RGpHNXM 200
[debug] [2025-10-22T17:13:29.928Z] <<< [apiv2][body] GET https://cloudfunctions.googleapis.com/v1/operations/Y2Vzby1hcGhpcy15dWMvdXMtY2VudHJhbDEvYWRtaW5VcGxvYWQvNDd6TkU0RGpHNXM {"name":"operations/Y2Vzby1hcGhpcy15dWMvdXMtY2VudHJhbDEvYWRtaW5VcGxvYWQvNDd6TkU0RGpHNXM","metadata":{"@type":"type.googleapis.com/google.cloud.functions.v1.OperationMetadataV1","target":"projects/ceso-aphis-yuc/locations/us-central1/functions/adminUpload","type":"UPDATE_FUNCTION","request":{"@type":"type.googleapis.com/google.cloud.functions.v1.CloudFunction","name":"projects/ceso-aphis-yuc/locations/us-central1/functions/adminUpload","httpsTrigger":{"url":"https://us-central1-ceso-aphis-yuc.cloudfunctions.net/adminUpload","securityLevel":"SECURE_ALWAYS"},"status":"OFFLINE","entryPoint":"adminUpload","updateTime":"2025-10-22T17:07:28.872Z","versionId":"1","labels":{"deployment-tool":"cli-firebase","firebase-functions-hash":"d45af698d4b2b7cf6ad80d87b34af534503b0d75"},"sourceUploadUrl":"https://storage.googleapis.com/uploads-362328785189.us-central1.cloudfunctions.appspot.com/ff20e264-64ac-4bd3-a3ab-3ba3efd1c4aa.zip?GoogleAccessId=service-584773462235@gcf-admin-robot.iam.gserviceaccount.com&Expires=1761154963&Signature=PKEbiL4NIheeF2Sc37oHf7X3rnByAJoxKQLpqGJS0lqVRQU7VgyMvH5IEooFjxgpwaycbpUXyYcT7FPWRpZdPq7N83t5J14HswyfZtwZWsbVIjYVQ%2F9BPtA4gFkcFa58b7ejsPL0vxM9P4SRPEhDkj48cqCxyt8Cxtf%2B3ZUf8mZ3rhILsf6gB9QBzH4Bx7rNDcXwd0qyqH16TBB28L%2FvDhVsq2HeDaGByoHBT5fc8KU4SgeWS494ofK1u0qjV3dADnSlfGWlmqMmY4ycjcWOxvQw4D6wbB1AvvIhVeR%2Brb0ZpgsrZW0B67js6cN%2FKN9FQf2lZszWd%2FtFcQLIrjsLhQ%3D%3D","environmentVariables":{"FIREBASE_CONFIG":"{\"projectId\":\"ceso-aphis-yuc\",\"storageBucket\":\"ceso-aphis-yuc.firebasestorage.app\"}","GCLOUD_PROJECT":"ceso-aphis-yuc","EVENTARC_CLOUD_EVENT_SOURCE":"projects/ceso-aphis-yuc/locations/us-central1/functions/adminUpload"},"runtime":"nodejs18","buildId":"42d0ccbe-60dd-426d-ae5d-09d6a20f1e27","buildEnvironmentVariables":{"GOOGLE_NODE_RUN_SCRIPTS":""},"buildName":"projects/584773462235/locations/us-central1/builds/42d0ccbe-60dd-426d-ae5d-09d6a20f1e27","dockerRegistry":"ARTIFACT_REGISTRY","automaticUpdatePolicy":{},"buildServiceAccount":"projects/ceso-aphis-yuc/serviceAccounts/584773462235-compute@developer.gserviceaccount.com"},"versionId":"2","updateTime":"2025-10-22T17:12:44Z","buildId":"16f509af-5131-40c0-8b7c-0801502f0b86","buildName":"projects/584773462235/locations/us-central1/builds/16f509af-5131-40c0-8b7c-0801502f0b86"}}
[debug] [2025-10-22T17:13:39.939Z] [update-default-us-central1-adminUpload] Retrying task index 0
[debug] [2025-10-22T17:13:39.940Z] Checked if tokens are valid: true, expires at: 1761155918117
[debug] [2025-10-22T17:13:39.940Z] Checked if tokens are valid: true, expires at: 1761155918117
[debug] [2025-10-22T17:13:39.941Z] >>> [apiv2][query] GET https://cloudfunctions.googleapis.com/v1/operations/Y2Vzby1hcGhpcy15dWMvdXMtY2VudHJhbDEvYWRtaW5VcGxvYWQvNDd6TkU0RGpHNXM [none]
[debug] [2025-10-22T17:13:40.211Z] <<< [apiv2][status] GET https://cloudfunctions.googleapis.com/v1/operations/Y2Vzby1hcGhpcy15dWMvdXMtY2VudHJhbDEvYWRtaW5VcGxvYWQvNDd6TkU0RGpHNXM 200
[debug] [2025-10-22T17:13:40.212Z] <<< [apiv2][body] GET https://cloudfunctions.googleapis.com/v1/operations/Y2Vzby1hcGhpcy15dWMvdXMtY2VudHJhbDEvYWRtaW5VcGxvYWQvNDd6TkU0RGpHNXM {"name":"operations/Y2Vzby1hcGhpcy15dWMvdXMtY2VudHJhbDEvYWRtaW5VcGxvYWQvNDd6TkU0RGpHNXM","metadata":{"@type":"type.googleapis.com/google.cloud.functions.v1.OperationMetadataV1","target":"projects/ceso-aphis-yuc/locations/us-central1/functions/adminUpload","type":"UPDATE_FUNCTION","request":{"@type":"type.googleapis.com/google.cloud.functions.v1.CloudFunction","name":"projects/ceso-aphis-yuc/locations/us-central1/functions/adminUpload","httpsTrigger":{"url":"https://us-central1-ceso-aphis-yuc.cloudfunctions.net/adminUpload","securityLevel":"SECURE_ALWAYS"},"status":"OFFLINE","entryPoint":"adminUpload","updateTime":"2025-10-22T17:07:28.872Z","versionId":"1","labels":{"deployment-tool":"cli-firebase","firebase-functions-hash":"d45af698d4b2b7cf6ad80d87b34af534503b0d75"},"sourceUploadUrl":"https://storage.googleapis.com/uploads-362328785189.us-central1.cloudfunctions.appspot.com/ff20e264-64ac-4bd3-a3ab-3ba3efd1c4aa.zip?GoogleAccessId=service-584773462235@gcf-admin-robot.iam.gserviceaccount.com&Expires=1761154963&Signature=PKEbiL4NIheeF2Sc37oHf7X3rnByAJoxKQLpqGJS0lqVRQU7VgyMvH5IEooFjxgpwaycbpUXyYcT7FPWRpZdPq7N83t5J14HswyfZtwZWsbVIjYVQ%2F9BPtA4gFkcFa58b7ejsPL0vxM9P4SRPEhDkj48cqCxyt8Cxtf%2B3ZUf8mZ3rhILsf6gB9QBzH4Bx7rNDcXwd0qyqH16TBB28L%2FvDhVsq2HeDaGByoHBT5fc8KU4SgeWS494ofK1u0qjV3dADnSlfGWlmqMmY4ycjcWOxvQw4D6wbB1AvvIhVeR%2Brb0ZpgsrZW0B67js6cN%2FKN9FQf2lZszWd%2FtFcQLIrjsLhQ%3D%3D","environmentVariables":{"FIREBASE_CONFIG":"{\"projectId\":\"ceso-aphis-yuc\",\"storageBucket\":\"ceso-aphis-yuc.firebasestorage.app\"}","GCLOUD_PROJECT":"ceso-aphis-yuc","EVENTARC_CLOUD_EVENT_SOURCE":"projects/ceso-aphis-yuc/locations/us-central1/functions/adminUpload"},"runtime":"nodejs18","buildId":"42d0ccbe-60dd-426d-ae5d-09d6a20f1e27","buildEnvironmentVariables":{"GOOGLE_NODE_RUN_SCRIPTS":""},"buildName":"projects/584773462235/locations/us-central1/builds/42d0ccbe-60dd-426d-ae5d-09d6a20f1e27","dockerRegistry":"ARTIFACT_REGISTRY","automaticUpdatePolicy":{},"buildServiceAccount":"projects/ceso-aphis-yuc/serviceAccounts/584773462235-compute@developer.gserviceaccount.com"},"versionId":"2","updateTime":"2025-10-22T17:13:39Z","buildId":"16f509af-5131-40c0-8b7c-0801502f0b86","buildName":"projects/584773462235/locations/us-central1/builds/16f509af-5131-40c0-8b7c-0801502f0b86"},"done":true,"error":{"code":3,"message":"Build failed: npm error code EUSAGE\nnpm error\nnpm error `npm ci` can only install packages when your package.json and package-lock.json or npm-shrinkwrap.json are in sync. Please update your lock file with `npm install` before continuing.\nnpm error\nnpm error Missing: jest@30.2.0 from lock file\nnpm error Missing: @jest/core@30.2.0 from lock file\nnpm error Missing: @jest/types@30.2.0 from lock file\nnpm error Missing: import-local@3.2.0 from lock file\nnpm error Missing: jest-cli@30.2.0 from lock file\nnpm error Missing: @jest/console@30.2.0 from lock file\nnpm error Missing: @jest/pattern@30.0.1 from lock file\nnpm error Missing: @jest/reporters@30.2.0 from lock file\nnpm error Missing: @jest/test-result@30.2.0 from lock file\nnpm error Missing: @jest/transform@30.2.0 from lock file\nnpm error Missing: ansi-escapes@4.3.2 from lock file\nnpm error Missing: ci-info@4.3.1 from lock file\nnpm error Missing: exit-x@0.2.2 from lock file\nnpm error Missing: graceful-fs@4.2.11 from lock file\nnpm error Missing: jest-changed-files@30.2.0 from lock file\nnpm error Missing: jest-config@30.2.0 from lock file\nnpm error Missing: jest-haste-map@30.2.0 from lock file\nnpm error Missing: jest-message-util@30.2.0 from lock file\nnpm error Missing: jest-regex-util@30.0.1 from lock file\nnpm error Missing: jest-resolve@30.2.0 from lock file\nnpm error Missing: jest-resolve-dependencies@30.2.0 from lock file\nnpm error Missing: jest-runner@30.2.0 from lock file\nnpm error Missing: jest-runtime@30.2.0 from lock file\nnpm error Missing: jest-snapshot@30.2.0 from lock file\nnpm error Missing: jest-util@30.2.0 from lock file\nnpm error Missing: jest-validate@30.2.0 from lock file\nnpm error Missing: jest-watcher@30.2.0 from lock file\nnpm error Missing: micromatch@4.0.8 from lock file\nnpm error Missing: pretty-format@30.2.0 from lock file\nnpm error Missing: slash@3.0.0 from lock file\nnpm error Missing: @bcoe/v8-coverage@0.2.3 from lock file\nnpm error Missing: @jridgewell/trace-mapping@0.3.31 from lock file\nnpm error Missing: collect-v8-coverage@1.0.3 from lock file\nnpm error Missing: glob@10.4.5 from lock file\nnpm error Missing: istanbul-lib-coverage@3.2.2 from lock file\nnpm error Missing: istanbul-lib-instrument@6.0.3 from lock file\nnpm error Missing: istanbul-lib-report@3.0.1 from lock file\nnpm error Missing: istanbul-lib-source-maps@5.0.6 from lock file\nnpm error Missing: istanbul-reports@3.2.0 from lock file\nnpm error Missing: jest-worker@30.2.0 from lock file\nnpm error Missing: string-length@4.0.2 from lock file\nnpm error Missing: v8-to-istanbul@9.3.0 from lock file\nnpm error Missing: @types/istanbul-lib-coverage@2.0.6 from lock file\nnpm error Missing: @babel/core@7.28.4 from lock file\nnpm error Missing: babel-plugin-istanbul@7.0.1 from lock file\nnpm error Missing: convert-source-map@2.0.0 from lock file\nnpm error Missing: pirates@4.0.7 from lock file\nnpm error Missing: write-file-atomic@5.0.1 from lock file\nnpm error Missing: @babel/code-frame@7.27.1 from lock file\nnpm error Missing: @babel/generator@7.28.3 from lock file\nnpm error Missing: @babel/helper-compilation-targets@7.27.2 from lock file\nnpm error Missing: @babel/helper-module-transforms@7.28.3 from lock file\nnpm error Missing: @babel/helpers@7.28.4 from lock file\nnpm error Missing: @babel/parser@7.28.4 from lock file\nnpm error Missing: @babel/template@7.27.2 from lock file\nnpm error Missing: @babel/traverse@7.28.4 from lock file\nnpm error Missing: @babel/types@7.28.4 from lock file\nnpm error Missing: @jridgewell/remapping@2.3.5 from lock file\nnpm error Missing: gensync@1.0.0-beta.2 from lock file\nnpm error Missing: json5@2.2.3 from lock file\nnpm error Missing: semver@6.3.1 from lock file\nnpm error Missing: @babel/helper-validator-identifier@7.27.1 from lock file\nnpm error Missing: js-tokens@4.0.0 from lock file\nnpm error Missing: picocolors@1.1.1 from lock file\nnpm error Missing: @jridgewell/gen-mapping@0.3.13 from lock file\nnpm error Missing: jsesc@3.1.0 from lock file\nnpm error Missing: @babel/compat-data@7.28.4 from lock file\nnpm error Missing: @babel/helper-validator-option@7.27.1 from lock file\nnpm error Missing: browserslist@4.27.0 from lock file\nnpm error Missing: lru-cache@5.1.1 from lock file\nnpm error Missing: @babel/helper-module-imports@7.27.1 from lock file\nnpm error Missing: @babel/helper-globals@7.28.0 from lock file\nnpm error Missing: @babel/helper-string-parser@7.27.1 from lock file\nnpm error Missing: @jest/schemas@30.0.5 from lock file\nnpm error Missing: @types/istanbul-reports@3.0.4 from lock file\nnpm error Missing: @types/yargs@17.0.33 from lock file\nnpm error Missing: @sinclair/typebox@0.34.41 from lock file\nnpm error Missing: @jridgewell/sourcemap-codec@1.5.5 from lock file\nnpm error Missing: @jridgewell/resolve-uri@3.1.2 from lock file\nnpm error Missing: @types/istanbul-lib-report@3.0.3 from lock file\nnpm error Missing: @types/yargs-parser@21.0.3 from lock file\nnpm error Missing: type-fest@0.21.3 from lock file\nnpm error Missing: @babel/helper-plugin-utils@7.27.1 from lock file\nnpm error Missing: @istanbuljs/load-nyc-config@1.1.0 from lock file\nnpm error Missing: @istanbuljs/schema@0.1.3 from lock file\nnpm error Missing: test-exclude@6.0.0 from lock file\nnpm error Missing: camelcase@5.3.1 from lock file\nnpm error Missing: find-up@4.1.0 from lock file\nnpm error Missing: get-package-type@0.1.0 from lock file\nnpm error Missing: js-yaml@3.14.1 from lock file\nnpm error Missing: resolve-from@5.0.0 from lock file\nnpm error Missing: baseline-browser-mapping@2.8.19 from lock file\nnpm error Missing: caniuse-lite@1.0.30001751 from lock file\nnpm error Missing: electron-to-chromium@1.5.238 from lock file\nnpm error Missing: node-releases@2.0.26 from lock file\nnpm error Missing: update-browserslist-db@1.1.4 from lock file\nnpm error Missing: foreground-child@3.3.1 from lock file\nnpm error Missing: jackspeak@3.4.3 from lock file\nnpm error Missing: minimatch@9.0.5 from lock file\nnpm error Missing: minipass@7.1.2 from lock file\nnpm error Missing: package-json-from-dist@1.0.1 from lock file\nnpm error Missing: path-scurry@1.11.1 from lock file\nnpm error Missing: signal-exit@4.1.0 from lock file\nnpm error Missing: pkg-dir@4.2.0 from lock file\nnpm error Missing: resolve-cwd@3.0.0 from lock file\nnpm error Missing: semver@7.7.3 from lock file\nnpm error Missing: make-dir@4.0.0 from lock file\nnpm error Missing: html-escaper@2.0.2 from lock file\nnpm error Missing: @isaacs/cliui@8.0.2 from lock file\nnpm error Missing: @pkgjs/parseargs@0.11.0 from lock file\nnpm error Missing: string-width@5.1.2 from lock file\nnpm error Missing: string-width-cjs@4.2.3 from lock file\nnpm error Missing: strip-ansi@7.1.2 from lock file\nnpm error Missing: strip-ansi-cjs@6.0.1 from lock file\nnpm error Missing: wrap-ansi@8.1.0 from lock file\nnpm error Missing: wrap-ansi-cjs@7.0.0 from lock file\nnpm error Missing: execa@5.1.1 from lock file\nnpm error Missing: get-stream@6.0.1 from lock file\nnpm error Missing: human-signals@2.1.0 from lock file\nnpm error Missing: merge-stream@2.0.0 from lock file\nnpm error Missing: npm-run-path@4.0.1 from lock file\nnpm error Missing: onetime@5.1.2 from lock file\nnpm error Missing: signal-exit@3.0.7 from lock file\nnpm error Missing: strip-final-newline@2.0.0 from lock file\nnpm error Missing: @jest/get-type@30.1.0 from lock file\nnpm error Missing: @jest/test-sequencer@30.2.0 from lock file\nnpm error Missing: babel-jest@30.2.0 from lock file\nnpm error Missing: deepmerge@4.3.1 from lock file\nnpm error Missing: jest-circus@30.2.0 from lock file\nnpm error Missing: jest-docblock@30.2.0 from lock file\nnpm error Missing: jest-environment-node@30.2.0 from lock file\nnpm error Missing: parse-json@5.2.0 from lock file\nnpm error Missing: @types/babel__core@7.20.5 from lock file\nnpm error Missing: babel-preset-jest@30.2.0 from lock file\nnpm error Missing: @types/babel__generator@7.27.0 from lock file\nnpm error Missing: @types/babel__template@7.4.4 from lock file\nnpm error Missing: @types/babel__traverse@7.28.0 from lock file\nnpm error Missing: babel-plugin-jest-hoist@30.2.0 from lock file\nnpm error Missing: babel-preset-current-node-syntax@1.2.0 from lock file\nnpm error Missing: @babel/plugin-syntax-async-generators@7.8.4 from lock file\nnpm error Missing: @babel/plugin-syntax-bigint@7.8.3 from lock file\nnpm error Missing: @babel/plugin-syntax-class-properties@7.12.13 from lock file\nnpm error Missing: @babel/plugin-syntax-class-static-block@7.14.5 from lock file\nnpm error Missing: @babel/plugin-syntax-import-attributes@7.27.1 from lock file\nnpm error Missing: @babel/plugin-syntax-import-meta@7.10.4 from lock file\nnpm error Missing: @babel/plugin-syntax-json-strings@7.8.3 from lock file\nnpm error Missing: @babel/plugin-syntax-logical-assignment-operators@7.10.4 from lock file\nnpm error Missing: @babel/plugin-syntax-nullish-coalescing-operator@7.8.3 from lock file\nnpm error Missing: @babel/plugin-syntax-numeric-separator@7.10.4 from lock file\nnpm error Missing: @babel/plugin-syntax-object-rest-spread@7.8.3 from lock file\nnpm error Missing: @babel/plugin-syntax-optional-catch-binding@7.8.3 from lock file\nnpm error Missing: @babel/plugin-syntax-optional-chaining@7.8.3 from lock file\nnpm error Missing: @babel/plugin-syntax-private-property-in-object@7.14.5 from lock file\nnpm error Missing: @babel/plugin-syntax-top-level-await@7.14.5 from lock file\nnpm error Missing: @jest/environment@30.2.0 from lock file\nnpm error Missing: @jest/expect@30.2.0 from lock file\nnpm error Missing: co@4.6.0 from lock file\nnpm error Missing: dedent@1.7.0 from lock file\nnpm error Missing: is-generator-fn@2.1.0 from lock file\nnpm error Missing: jest-each@30.2.0 from lock file\nnpm error Missing: jest-matcher-utils@30.2.0 from lock file\nnpm error Missing: pure-rand@7.0.1 from lock file\nnpm error Missing: stack-utils@2.0.6 from lock file\nnpm error Missing: @jest/fake-timers@30.2.0 from lock file\nnpm error Missing: jest-mock@30.2.0 from lock file\nnpm error Missing: expect@30.2.0 from lock file\nnpm error Missing: @sinonjs/fake-timers@13.0.5 from lock file\nnpm error Missing: @sinonjs/commons@3.0.1 from lock file\nnpm error Missing: type-detect@4.0.8 from lock file\nnpm error Missing: @jest/expect-utils@30.2.0 from lock file\nnpm error Missing: detect-newline@3.1.0 from lock file\nnpm error Missing: anymatch@3.1.3 from lock file\nnpm error Missing: fb-watchman@2.0.2 from lock file\nnpm error Missing: fsevents@2.3.3 from lock file\nnpm error Missing: walker@1.0.8 from lock file\nnpm error Missing: normalize-path@3.0.0 from lock file\nnpm error Missing: picomatch@2.3.1 from lock file\nnpm error Missing: bser@2.1.1 from lock file\nnpm error Missing: node-int64@0.4.0 from lock file\nnpm error Missing: jest-diff@30.2.0 from lock file\nnpm error Missing: @jest/diff-sequences@30.0.1 from lock file\nnpm error Missing: @types/stack-utils@2.0.3 from lock file\nnpm error Missing: jest-pnp-resolver@1.2.3 from lock file\nnpm error Missing: unrs-resolver@1.11.1 from lock file\nnpm error Missing: emittery@0.13.1 from lock file\nnpm error Missing: jest-leak-detector@30.2.0 from lock file\nnpm error Missing: source-map-support@0.5.13 from lock file\nnpm error Missing: @jest/globals@30.2.0 from lock file\nnpm error Missing: @jest/source-map@30.0.1 from lock file\nnpm error Missing: cjs-module-lexer@2.1.0 from lock file\nnpm error Missing: strip-bom@4.0.0 from lock file\nnpm error Missing: @babel/plugin-syntax-jsx@7.27.1 from lock file\nnpm error Missing: @babel/plugin-syntax-typescript@7.27.1 from lock file\nnpm error Missing: @jest/snapshot-utils@30.2.0 from lock file\nnpm error Missing: semver@7.7.3 from lock file\nnpm error Missing: synckit@0.11.11 from lock file\nnpm error Missing: picomatch@4.0.3 from lock file\nnpm error Missing: camelcase@6.3.0 from lock file\nnpm error Missing: leven@3.1.0 from lock file\nnpm error Missing: supports-color@8.1.1 from lock file\nnpm error Missing: yallist@3.1.1 from lock file\nnpm error Missing: semver@7.7.3 from lock file\nnpm error Missing: braces@3.0.3 from lock file\nnpm error Missing: fill-range@7.1.1 from lock file\nnpm error Missing: to-regex-range@5.0.1 from lock file\nnpm error Missing: mimic-fn@2.1.0 from lock file\nnpm error Missing: error-ex@1.3.4 from lock file\nnpm error Missing: json-parse-even-better-errors@2.3.1 from lock file\nnpm error Missing: lines-and-columns@1.2.4 from lock file\nnpm error Missing: is-arrayish@0.2.1 from lock file\nnpm error Missing: lru-cache@10.4.3 from lock file\nnpm error Missing: find-up@4.1.0 from lock file\nnpm error Missing: ansi-styles@5.2.0 from lock file\nnpm error Missing: react-is@18.3.1 from lock file\nnpm error Missing: resolve-from@5.0.0 from lock file\nnpm error Missing: buffer-from@1.1.2 from lock file\nnpm error Missing: source-map@0.6.1 from lock file\nnpm error Missing: escape-string-regexp@2.0.0 from lock file\nnpm error Missing: char-regex@1.0.2 from lock file\nnpm error Missing: eastasianwidth@0.2.0 from lock file\nnpm error Missing: emoji-regex@9.2.2 from lock file\nnpm error Missing: strip-ansi@7.1.2 from lock file\nnpm error Missing: emoji-regex@8.0.0 from lock file\nnpm error Missing: @pkgr/core@0.2.9 from lock file\nnpm error Missing: glob@7.2.3 from lock file\nnpm error Missing: is-number@7.0.0 from lock file\nnpm error Missing: @unrs/resolver-binding-android-arm-eabi@1.11.1 from lock file\nnpm error Missing: @unrs/resolver-binding-android-arm64@1.11.1 from lock file\nnpm error Missing: @unrs/resolver-binding-darwin-arm64@1.11.1 from lock file\nnpm error Missing: @unrs/resolver-binding-darwin-x64@1.11.1 from lock file\nnpm error Missing: @unrs/resolver-binding-freebsd-x64@1.11.1 from lock file\nnpm error Missing: @unrs/resolver-binding-linux-arm-gnueabihf@1.11.1 from lock file\nnpm error Missing: @unrs/resolver-binding-linux-arm-musleabihf@1.11.1 from lock file\nnpm error Missing: @unrs/resolver-binding-linux-arm64-gnu@1.11.1 from lock file\nnpm error Missing: @unrs/resolver-binding-linux-arm64-musl@1.11.1 from lock file\nnpm error Missing: @unrs/resolver-binding-linux-ppc64-gnu@1.11.1 from lock file\nnpm error Missing: @unrs/resolver-binding-linux-riscv64-gnu@1.11.1 from lock file\nnpm error Missing: @unrs/resolver-binding-linux-riscv64-musl@1.11.1 from lock file\nnpm error Missing: @unrs/resolver-binding-linux-s390x-gnu@1.11.1 from lock file\nnpm error Missing: @unrs/resolver-binding-linux-x64-gnu@1.11.1 from lock file\nnpm error Missing: @unrs/resolver-binding-linux-x64-musl@1.11.1 from lock file\nnpm error Missing: @unrs/resolver-binding-wasm32-wasi@1.11.1 from lock file\nnpm error Missing: @unrs/resolver-binding-win32-arm64-msvc@1.11.1 from lock file\nnpm error Missing: @unrs/resolver-binding-win32-ia32-msvc@1.11.1 from lock file\nnpm error Missing: @unrs/resolver-binding-win32-x64-msvc@1.11.1 from lock file\nnpm error Missing: napi-postinstall@0.3.4 from lock file\nnpm error Missing: @napi-rs/wasm-runtime@0.2.12 from lock file\nnpm error Missing: @emnapi/core@1.6.0 from lock file\nnpm error Missing: @emnapi/runtime@1.6.0 from lock file\nnpm error Missing: @tybys/wasm-util@0.10.1 from lock file\nnpm error Missing: @emnapi/wasi-threads@1.1.0 from lock file\nnpm error Missing: makeerror@1.0.12 from lock file\nnpm error Missing: tmpl@1.0.5 from lock file\nnpm error Missing: ansi-styles@6.2.3 from lock file\nnpm error Missing: strip-ansi@7.1.2 from lock file\nnpm error Missing: string-width@4.2.3 from lock file\nnpm error Missing: ansi-regex@6.2.2 from lock file\nnpm error Missing: locate-path@5.0.0 from lock file\nnpm error Missing: argparse@1.0.10 from lock file\nnpm error Missing: esprima@4.0.1 from lock file\nnpm error Missing: sprintf-js@1.0.3 from lock file\nnpm error Missing: p-locate@4.1.0 from lock file\nnpm error Missing: p-limit@2.3.0 from lock file\nnpm error Missing: p-try@2.2.0 from lock file\nnpm error Missing: brace-expansion@2.0.2 from lock file\nnpm error Missing: locate-path@5.0.0 from lock file\nnpm error Missing: p-locate@4.1.0 from lock file\nnpm error Missing: p-limit@2.3.0 from lock file\nnpm error Missing: ansi-regex@6.2.2 from lock file\nnpm error Missing: emoji-regex@8.0.0 from lock file\nnpm error Missing: ansi-regex@6.2.2 from lock file\nnpm error\nnpm error Clean install a project\nnpm error\nnpm error Usage:\nnpm error npm ci\nnpm error\nnpm error Options:\nnpm error [--install-strategy <hoisted|nested|shallow|linked>] [--legacy-bundling]\nnpm error [--global-style] [--omit <dev|optional|peer> [--omit <dev|optional|peer> ...]]\nnpm error [--include <prod|dev|optional|peer> [--include <prod|dev|optional|peer> ...]]\nnpm error [--strict-peer-deps] [--foreground-scripts] [--ignore-scripts] [--no-audit]\nnpm error [--no-bin-links] [--no-fund] [--dry-run]\nnpm error [-w|--workspace <workspace-name> [-w|--workspace <workspace-name> ...]]\nnpm error [-ws|--workspaces] [--include-workspace-root] [--install-links]\nnpm error\nnpm error aliases: clean-install, ic, install-clean, isntall-clean\nnpm error\nnpm error Run \"npm help ci\" for more info\nnpm error A complete log of this run can be found in: /www-data-home/.npm/_logs/2025-10-22T17_13_05_468Z-debug-0.log; Error ID: 7fa33aaa"}}
[debug] [2025-10-22T17:13:40.213Z] Got source token undefined for region us-central1
[error] Build failed: npm error code EUSAGE
npm error
npm error `npm ci` can only install packages when your package.json and package-lock.json or npm-shrinkwrap.json are in sync. Please update your lock file with `npm install` before continuing.
npm error
npm error Missing: jest@30.2.0 from lock file
npm error Missing: @jest/core@30.2.0 from lock file
npm error Missing: @jest/types@30.2.0 from lock file
npm error Missing: import-local@3.2.0 from lock file
npm error Missing: jest-cli@30.2.0 from lock file
npm error Missing: @jest/console@30.2.0 from lock file
npm error Missing: @jest/pattern@30.0.1 from lock file
npm error Missing: @jest/reporters@30.2.0 from lock file
npm error Missing: @jest/test-result@30.2.0 from lock file
npm error Missing: @jest/transform@30.2.0 from lock file
npm error Missing: ansi-escapes@4.3.2 from lock file
npm error Missing: ci-info@4.3.1 from lock file
npm error Missing: exit-x@0.2.2 from lock file
npm error Missing: graceful-fs@4.2.11 from lock file
npm error Missing: jest-changed-files@30.2.0 from lock file
npm error Missing: jest-config@30.2.0 from lock file
npm error Missing: jest-haste-map@30.2.0 from lock file
npm error Missing: jest-message-util@30.2.0 from lock file
npm error Missing: jest-regex-util@30.0.1 from lock file
npm error Missing: jest-resolve@30.2.0 from lock file
npm error Missing: jest-resolve-dependencies@30.2.0 from lock file
npm error Missing: jest-runner@30.2.0 from lock file
npm error Missing: jest-runtime@30.2.0 from lock file
npm error Missing: jest-snapshot@30.2.0 from lock file
npm error Missing: jest-util@30.2.0 from lock file
npm error Missing: jest-validate@30.2.0 from lock file
npm error Missing: jest-watcher@30.2.0 from lock file
npm error Missing: micromatch@4.0.8 from lock file
npm error Missing: pretty-format@30.2.0 from lock file
npm error Missing: slash@3.0.0 from lock file
npm error Missing: @bcoe/v8-coverage@0.2.3 from lock file
npm error Missing: @jridgewell/trace-mapping@0.3.31 from lock file
npm error Missing: collect-v8-coverage@1.0.3 from lock file
npm error Missing: glob@10.4.5 from lock file
npm error Missing: istanbul-lib-coverage@3.2.2 from lock file
npm error Missing: istanbul-lib-instrument@6.0.3 from lock file
npm error Missing: istanbul-lib-report@3.0.1 from lock file
npm error Missing: istanbul-lib-source-maps@5.0.6 from lock file
npm error Missing: istanbul-reports@3.2.0 from lock file
npm error Missing: jest-worker@30.2.0 from lock file
npm error Missing: string-length@4.0.2 from lock file
npm error Missing: v8-to-istanbul@9.3.0 from lock file
npm error Missing: @types/istanbul-lib-coverage@2.0.6 from lock file
npm error Missing: @babel/core@7.28.4 from lock file
npm error Missing: babel-plugin-istanbul@7.0.1 from lock file
npm error Missing: convert-source-map@2.0.0 from lock file
npm error Missing: pirates@4.0.7 from lock file
npm error Missing: write-file-atomic@5.0.1 from lock file
npm error Missing: @babel/code-frame@7.27.1 from lock file
npm error Missing: @babel/generator@7.28.3 from lock file
npm error Missing: @babel/helper-compilation-targets@7.27.2 from lock file
npm error Missing: @babel/helper-module-transforms@7.28.3 from lock file
npm error Missing: @babel/helpers@7.28.4 from lock file
npm error Missing: @babel/parser@7.28.4 from lock file
npm error Missing: @babel/template@7.27.2 from lock file
npm error Missing: @babel/traverse@7.28.4 from lock file
npm error Missing: @babel/types@7.28.4 from lock file
npm error Missing: @jridgewell/remapping@2.3.5 from lock file
npm error Missing: gensync@1.0.0-beta.2 from lock file
npm error Missing: json5@2.2.3 from lock file
npm error Missing: semver@6.3.1 from lock file
npm error Missing: @babel/helper-validator-identifier@7.27.1 from lock file
npm error Missing: js-tokens@4.0.0 from lock file
npm error Missing: picocolors@1.1.1 from lock file
npm error Missing: @jridgewell/gen-mapping@0.3.13 from lock file
npm error Missing: jsesc@3.1.0 from lock file
npm error Missing: @babel/compat-data@7.28.4 from lock file
npm error Missing: @babel/helper-validator-option@7.27.1 from lock file
npm error Missing: browserslist@4.27.0 from lock file
npm error Missing: lru-cache@5.1.1 from lock file
npm error Missing: @babel/helper-module-imports@7.27.1 from lock file
npm error Missing: @babel/helper-globals@7.28.0 from lock file
npm error Missing: @babel/helper-string-parser@7.27.1 from lock file
npm error Missing: @jest/schemas@30.0.5 from lock file
npm error Missing: @types/istanbul-reports@3.0.4 from lock file
npm error Missing: @types/yargs@17.0.33 from lock file
npm error Missing: @sinclair/typebox@0.34.41 from lock file
npm error Missing: @jridgewell/sourcemap-codec@1.5.5 from lock file
npm error Missing: @jridgewell/resolve-uri@3.1.2 from lock file
npm error Missing: @types/istanbul-lib-report@3.0.3 from lock file
npm error Missing: @types/yargs-parser@21.0.3 from lock file
npm error Missing: type-fest@0.21.3 from lock file
npm error Missing: @babel/helper-plugin-utils@7.27.1 from lock file
npm error Missing: @istanbuljs/load-nyc-config@1.1.0 from lock file
npm error Missing: @istanbuljs/schema@0.1.3 from lock file
npm error Missing: test-exclude@6.0.0 from lock file
npm error Missing: camelcase@5.3.1 from lock file
npm error Missing: find-up@4.1.0 from lock file
npm error Missing: get-package-type@0.1.0 from lock file
npm error Missing: js-yaml@3.14.1 from lock file
npm error Missing: resolve-from@5.0.0 from lock file
npm error Missing: baseline-browser-mapping@2.8.19 from lock file
npm error Missing: caniuse-lite@1.0.30001751 from lock file
npm error Missing: electron-to-chromium@1.5.238 from lock file
npm error Missing: node-releases@2.0.26 from lock file
npm error Missing: update-browserslist-db@1.1.4 from lock file
npm error Missing: foreground-child@3.3.1 from lock file
npm error Missing: jackspeak@3.4.3 from lock file
npm error Missing: minimatch@9.0.5 from lock file
npm error Missing: minipass@7.1.2 from lock file
npm error Missing: package-json-from-dist@1.0.1 from lock file
npm error Missing: path-scurry@1.11.1 from lock file
npm error Missing: signal-exit@4.1.0 from lock file
npm error Missing: pkg-dir@4.2.0 from lock file
npm error Missing: resolve-cwd@3.0.0 from lock file
npm error Missing: semver@7.7.3 from lock file
npm error Missing: make-dir@4.0.0 from lock file
npm error Missing: html-escaper@2.0.2 from lock file
npm error Missing: @isaacs/cliui@8.0.2 from lock file
npm error Missing: @pkgjs/parseargs@0.11.0 from lock file
npm error Missing: string-width@5.1.2 from lock file
npm error Missing: string-width-cjs@4.2.3 from lock file
npm error Missing: strip-ansi@7.1.2 from lock file
npm error Missing: strip-ansi-cjs@6.0.1 from lock file
npm error Missing: wrap-ansi@8.1.0 from lock file
npm error Missing: wrap-ansi-cjs@7.0.0 from lock file
npm error Missing: execa@5.1.1 from lock file
npm error Missing: get-stream@6.0.1 from lock file
npm error Missing: human-signals@2.1.0 from lock file
npm error Missing: merge-stream@2.0.0 from lock file
npm error Missing: npm-run-path@4.0.1 from lock file
npm error Missing: onetime@5.1.2 from lock file
npm error Missing: signal-exit@3.0.7 from lock file
npm error Missing: strip-final-newline@2.0.0 from lock file
npm error Missing: @jest/get-type@30.1.0 from lock file
npm error Missing: @jest/test-sequencer@30.2.0 from lock file
npm error Missing: babel-jest@30.2.0 from lock file
npm error Missing: deepmerge@4.3.1 from lock file
npm error Missing: jest-circus@30.2.0 from lock file
npm error Missing: jest-docblock@30.2.0 from lock file
npm error Missing: jest-environment-node@30.2.0 from lock file
npm error Missing: parse-json@5.2.0 from lock file
npm error Missing: @types/babel__core@7.20.5 from lock file
npm error Missing: babel-preset-jest@30.2.0 from lock file
npm error Missing: @types/babel__generator@7.27.0 from lock file
npm error Missing: @types/babel__template@7.4.4 from lock file
npm error Missing: @types/babel__traverse@7.28.0 from lock file
npm error Missing: babel-plugin-jest-hoist@30.2.0 from lock file
npm error Missing: babel-preset-current-node-syntax@1.2.0 from lock file
npm error Missing: @babel/plugin-syntax-async-generators@7.8.4 from lock file
npm error Missing: @babel/plugin-syntax-bigint@7.8.3 from lock file
npm error Missing: @babel/plugin-syntax-class-properties@7.12.13 from lock file
npm error Missing: @babel/plugin-syntax-class-static-block@7.14.5 from lock file
npm error Missing: @babel/plugin-syntax-import-attributes@7.27.1 from lock file
npm error Missing: @babel/plugin-syntax-import-meta@7.10.4 from lock file
npm error Missing: @babel/plugin-syntax-json-strings@7.8.3 from lock file
npm error Missing: @babel/plugin-syntax-logical-assignment-operators@7.10.4 from lock file
npm error Missing: @babel/plugin-syntax-nullish-coalescing-operator@7.8.3 from lock file
npm error Missing: @babel/plugin-syntax-numeric-separator@7.10.4 from lock file
npm error Missing: @babel/plugin-syntax-object-rest-spread@7.8.3 from lock file
npm error Missing: @babel/plugin-syntax-optional-catch-binding@7.8.3 from lock file
npm error Missing: @babel/plugin-syntax-optional-chaining@7.8.3 from lock file
npm error Missing: @babel/plugin-syntax-private-property-in-object@7.14.5 from lock file
npm error Missing: @babel/plugin-syntax-top-level-await@7.14.5 from lock file
npm error Missing: @jest/environment@30.2.0 from lock file
npm error Missing: @jest/expect@30.2.0 from lock file
npm error Missing: co@4.6.0 from lock file
npm error Missing: dedent@1.7.0 from lock file
npm error Missing: is-generator-fn@2.1.0 from lock file
npm error Missing: jest-each@30.2.0 from lock file
npm error Missing: jest-matcher-utils@30.2.0 from lock file
npm error Missing: pure-rand@7.0.1 from lock file
npm error Missing: stack-utils@2.0.6 from lock file
npm error Missing: @jest/fake-timers@30.2.0 from lock file
npm error Missing: jest-mock@30.2.0 from lock file
npm error Missing: expect@30.2.0 from lock file
npm error Missing: @sinonjs/fake-timers@13.0.5 from lock file
npm error Missing: @sinonjs/commons@3.0.1 from lock file
npm error Missing: type-detect@4.0.8 from lock file
npm error Missing: @jest/expect-utils@30.2.0 from lock file
npm error Missing: detect-newline@3.1.0 from lock file
npm error Missing: anymatch@3.1.3 from lock file
npm error Missing: fb-watchman@2.0.2 from lock file
npm error Missing: fsevents@2.3.3 from lock file
npm error Missing: walker@1.0.8 from lock file
npm error Missing: normalize-path@3.0.0 from lock file
npm error Missing: picomatch@2.3.1 from lock file
npm error Missing: bser@2.1.1 from lock file
npm error Missing: node-int64@0.4.0 from lock file
npm error Missing: jest-diff@30.2.0 from lock file
npm error Missing: @jest/diff-sequences@30.0.1 from lock file
npm error Missing: @types/stack-utils@2.0.3 from lock file
npm error Missing: jest-pnp-resolver@1.2.3 from lock file
npm error Missing: unrs-resolver@1.11.1 from lock file
npm error Missing: emittery@0.13.1 from lock file
npm error Missing: jest-leak-detector@30.2.0 from lock file
npm error Missing: source-map-support@0.5.13 from lock file
npm error Missing: @jest/globals@30.2.0 from lock file
npm error Missing: @jest/source-map@30.0.1 from lock file
npm error Missing: cjs-module-lexer@2.1.0 from lock file
npm error Missing: strip-bom@4.0.0 from lock file
npm error Missing: @babel/plugin-syntax-jsx@7.27.1 from lock file
npm error Missing: @babel/plugin-syntax-typescript@7.27.1 from lock file
npm error Missing: @jest/snapshot-utils@30.2.0 from lock file
npm error Missing: semver@7.7.3 from lock file
npm error Missing: synckit@0.11.11 from lock file
npm error Missing: picomatch@4.0.3 from lock file
npm error Missing: camelcase@6.3.0 from lock file
npm error Missing: leven@3.1.0 from lock file
npm error Missing: supports-color@8.1.1 from lock file
npm error Missing: yallist@3.1.1 from lock file
npm error Missing: semver@7.7.3 from lock file
npm error Missing: braces@3.0.3 from lock file
npm error Missing: fill-range@7.1.1 from lock file
npm error Missing: to-regex-range@5.0.1 from lock file
npm error Missing: mimic-fn@2.1.0 from lock file
npm error Missing: error-ex@1.3.4 from lock file
npm error Missing: json-parse-even-better-errors@2.3.1 from lock file
npm error Missing: lines-and-columns@1.2.4 from lock file
npm error Missing: is-arrayish@0.2.1 from lock file
npm error Missing: lru-cache@10.4.3 from lock file
npm error Missing: find-up@4.1.0 from lock file
npm error Missing: ansi-styles@5.2.0 from lock file
npm error Missing: react-is@18.3.1 from lock file
npm error Missing: resolve-from@5.0.0 from lock file
npm error Missing: buffer-from@1.1.2 from lock file
npm error Missing: source-map@0.6.1 from lock file
npm error Missing: escape-string-regexp@2.0.0 from lock file
npm error Missing: char-regex@1.0.2 from lock file
npm error Missing: eastasianwidth@0.2.0 from lock file
npm error Missing: emoji-regex@9.2.2 from lock file
npm error Missing: strip-ansi@7.1.2 from lock file
npm error Missing: emoji-regex@8.0.0 from lock file
npm error Missing: @pkgr/core@0.2.9 from lock file
npm error Missing: glob@7.2.3 from lock file
npm error Missing: is-number@7.0.0 from lock file
npm error Missing: @unrs/resolver-binding-android-arm-eabi@1.11.1 from lock file
npm error Missing: @unrs/resolver-binding-android-arm64@1.11.1 from lock file
npm error Missing: @unrs/resolver-binding-darwin-arm64@1.11.1 from lock file
npm error Missing: @unrs/resolver-binding-darwin-x64@1.11.1 from lock file
npm error Missing: @unrs/resolver-binding-freebsd-x64@1.11.1 from lock file
npm error Missing: @unrs/resolver-binding-linux-arm-gnueabihf@1.11.1 from lock file
npm error Missing: @unrs/resolver-binding-linux-arm-musleabihf@1.11.1 from lock file
npm error Missing: @unrs/resolver-binding-linux-arm64-gnu@1.11.1 from lock file
npm error Missing: @unrs/resolver-binding-linux-arm64-musl@1.11.1 from lock file
npm error Missing: @unrs/resolver-binding-linux-ppc64-gnu@1.11.1 from lock file
npm error Missing: @unrs/resolver-binding-linux-riscv64-gnu@1.11.1 from lock file
npm error Missing: @unrs/resolver-binding-linux-riscv64-musl@1.11.1 from lock file
npm error Missing: @unrs/resolver-binding-linux-s390x-gnu@1.11.1 from lock file
npm error Missing: @unrs/resolver-binding-linux-x64-gnu@1.11.1 from lock file
npm error Missing: @unrs/resolver-binding-linux-x64-musl@1.11.1 from lock file
npm error Missing: @unrs/resolver-binding-wasm32-wasi@1.11.1 from lock file
npm error Missing: @unrs/resolver-binding-win32-arm64-msvc@1.11.1 from lock file
npm error Missing: @unrs/resolver-binding-win32-ia32-msvc@1.11.1 from lock file
npm error Missing: @unrs/resolver-binding-win32-x64-msvc@1.11.1 from lock file
npm error Missing: napi-postinstall@0.3.4 from lock file
npm error Missing: @napi-rs/wasm-runtime@0.2.12 from lock file
npm error Missing: @emnapi/core@1.6.0 from lock file
npm error Missing: @emnapi/runtime@1.6.0 from lock file
npm error Missing: @tybys/wasm-util@0.10.1 from lock file
npm error Missing: @emnapi/wasi-threads@1.1.0 from lock file
npm error Missing: makeerror@1.0.12 from lock file
npm error Missing: tmpl@1.0.5 from lock file
npm error Missing: ansi-styles@6.2.3 from lock file
npm error Missing: strip-ansi@7.1.2 from lock file
npm error Missing: string-width@4.2.3 from lock file
npm error Missing: ansi-regex@6.2.2 from lock file
npm error Missing: locate-path@5.0.0 from lock file
npm error Missing: argparse@1.0.10 from lock file
npm error Missing: esprima@4.0.1 from lock file
npm error Missing: sprintf-js@1.0.3 from lock file
npm error Missing: p-locate@4.1.0 from lock file
npm error Missing: p-limit@2.3.0 from lock file
npm error Missing: p-try@2.2.0 from lock file
npm error Missing: brace-expansion@2.0.2 from lock file
npm error Missing: locate-path@5.0.0 from lock file
npm error Missing: p-locate@4.1.0 from lock file
npm error Missing: p-limit@2.3.0 from lock file
npm error Missing: ansi-regex@6.2.2 from lock file
npm error Missing: emoji-regex@8.0.0 from lock file
npm error Missing: ansi-regex@6.2.2 from lock file
npm error
npm error Clean install a project
npm error
npm error Usage:
npm error npm ci
npm error
npm error Options:
npm error [--install-strategy <hoisted|nested|shallow|linked>] [--legacy-bundling]
npm error [--global-style] [--omit <dev|optional|peer> [--omit <dev|optional|peer> ...]]
npm error [--include <prod|dev|optional|peer> [--include <prod|dev|optional|peer> ...]]
npm error [--strict-peer-deps] [--foreground-scripts] [--ignore-scripts] [--no-audit]
npm error [--no-bin-links] [--no-fund] [--dry-run]
npm error [-w|--workspace <workspace-name> [-w|--workspace <workspace-name> ...]]
npm error [-ws|--workspaces] [--include-workspace-root] [--install-links]
npm error
npm error aliases: clean-install, ic, install-clean, isntall-clean
npm error
npm error Run "npm help ci" for more info
npm error A complete log of this run can be found in: /www-data-home/.npm/_logs/2025-10-22T17_13_05_468Z-debug-0.log; Error ID: 7fa33aaa
[debug] [2025-10-22T17:13:40.252Z] Total Function Deployment time: 58323
[debug] [2025-10-22T17:13:40.252Z] 1 Functions Deployed
[debug] [2025-10-22T17:13:40.252Z] 1 Functions Errored
[debug] [2025-10-22T17:13:40.252Z] 0 Function Deployments Aborted
[debug] [2025-10-22T17:13:40.252Z] Average Function Deployment time: 58322
[info] 
[info] Functions deploy had errors with the following functions:
	adminUpload(us-central1)
[debug] [2025-10-22T17:13:40.532Z] Not printing URL for HTTPS function. Typically this means it didn't match a filter or we failed deployment
[debug] [2025-10-22T17:13:40.534Z] Checked if tokens are valid: true, expires at: 1761155918117
[debug] [2025-10-22T17:13:40.534Z] Checked if tokens are valid: true, expires at: 1761155918117
[debug] [2025-10-22T17:13:40.534Z] >>> [apiv2][query] GET https://artifactregistry.googleapis.com/v1/projects/ceso-aphis-yuc/locations/us-central1/repositories/gcf-artifacts [none]
[debug] [2025-10-22T17:13:41.016Z] <<< [apiv2][status] GET https://artifactregistry.googleapis.com/v1/projects/ceso-aphis-yuc/locations/us-central1/repositories/gcf-artifacts 200
[debug] [2025-10-22T17:13:41.017Z] <<< [apiv2][body] GET https://artifactregistry.googleapis.com/v1/projects/ceso-aphis-yuc/locations/us-central1/repositories/gcf-artifacts {"name":"projects/ceso-aphis-yuc/locations/us-central1/repositories/gcf-artifacts","format":"DOCKER","description":"This repository is created and used by Cloud Functions for storing function docker images.","labels":{"goog-managed-by":"cloudfunctions"},"createTime":"2025-10-20T23:34:00.307563Z","updateTime":"2025-10-22T01:33:26.634495Z","mode":"STANDARD_REPOSITORY","cleanupPolicies":{"firebase-functions-cleanup":{"id":"firebase-functions-cleanup","action":"DELETE","condition":{"tagState":"ANY","olderThan":"86400s"}}},"vulnerabilityScanningConfig":{"lastEnableTime":"2025-10-20T23:33:52.303416876Z","enablementState":"SCANNING_DISABLED","enablementStateReason":"API containerscanning.googleapis.com is not enabled."},"satisfiesPzi":true,"registryUri":"us-central1-docker.pkg.dev/ceso-aphis-yuc/gcf-artifacts"}
[debug] [2025-10-22T17:13:41.018Z] Functions deploy failed.
[debug] [2025-10-22T17:13:41.020Z] {
  "endpoint": {
    "id": "adminUpload",
    "project": "ceso-aphis-yuc",
    "region": "us-central1",
    "entryPoint": "adminUpload",
    "platform": "gcfv1",
    "runtime": "nodejs18",
    "httpsTrigger": {},
    "serviceAccount": null,
    "ingressSettings": null,
    "availableMemoryMb": null,
    "timeoutSeconds": null,
    "maxInstances": null,
    "minInstances": null,
    "vpc": null,
    "environmentVariables": {
      "FIREBASE_CONFIG": "{\"projectId\":\"ceso-aphis-yuc\",\"storageBucket\":\"ceso-aphis-yuc.firebasestorage.app\"}",
      "GCLOUD_PROJECT": "ceso-aphis-yuc",
      "EVENTARC_CLOUD_EVENT_SOURCE": "projects/ceso-aphis-yuc/locations/us-central1/functions/adminUpload"
    },
    "codebase": "default",
    "securityLevel": "SECURE_ALWAYS",
    "targetedByOnly": true,
    "hash": "d45af698d4b2b7cf6ad80d87b34af534503b0d75",
    "labels": {
      "deployment-tool": "cli-firebase"
    }
  },
  "op": "update",
  "original": {
    "name": "FirebaseError",
    "children": [],
    "exit": 1,
    "message": "Build failed: npm error code EUSAGE\nnpm error\nnpm error `npm ci` can only install packages when your package.json and package-lock.json or npm-shrinkwrap.json are in sync. Please update your lock file with `npm install` before continuing.\nnpm error\nnpm error Missing: jest@30.2.0 from lock file\nnpm error Missing: @jest/core@30.2.0 from lock file\nnpm error Missing: @jest/types@30.2.0 from lock file\nnpm error Missing: import-local@3.2.0 from lock file\nnpm error Missing: jest-cli@30.2.0 from lock file\nnpm error Missing: @jest/console@30.2.0 from lock file\nnpm error Missing: @jest/pattern@30.0.1 from lock file\nnpm error Missing: @jest/reporters@30.2.0 from lock file\nnpm error Missing: @jest/test-result@30.2.0 from lock file\nnpm error Missing: @jest/transform@30.2.0 from lock file\nnpm error Missing: ansi-escapes@4.3.2 from lock file\nnpm error Missing: ci-info@4.3.1 from lock file\nnpm error Missing: exit-x@0.2.2 from lock file\nnpm error Missing: graceful-fs@4.2.11 from lock file\nnpm error Missing: jest-changed-files@30.2.0 from lock file\nnpm error Missing: jest-config@30.2.0 from lock file\nnpm error Missing: jest-haste-map@30.2.0 from lock file\nnpm error Missing: jest-message-util@30.2.0 from lock file\nnpm error Missing: jest-regex-util@30.0.1 from lock file\nnpm error Missing: jest-resolve@30.2.0 from lock file\nnpm error Missing: jest-resolve-dependencies@30.2.0 from lock file\nnpm error Missing: jest-runner@30.2.0 from lock file\nnpm error Missing: jest-runtime@30.2.0 from lock file\nnpm error Missing: jest-snapshot@30.2.0 from lock file\nnpm error Missing: jest-util@30.2.0 from lock file\nnpm error Missing: jest-validate@30.2.0 from lock file\nnpm error Missing: jest-watcher@30.2.0 from lock file\nnpm error Missing: micromatch@4.0.8 from lock file\nnpm error Missing: pretty-format@30.2.0 from lock file\nnpm error Missing: slash@3.0.0 from lock file\nnpm error Missing: @bcoe/v8-coverage@0.2.3 from lock file\nnpm error Missing: @jridgewell/trace-mapping@0.3.31 from lock file\nnpm error Missing: collect-v8-coverage@1.0.3 from lock file\nnpm error Missing: glob@10.4.5 from lock file\nnpm error Missing: istanbul-lib-coverage@3.2.2 from lock file\nnpm error Missing: istanbul-lib-instrument@6.0.3 from lock file\nnpm error Missing: istanbul-lib-report@3.0.1 from lock file\nnpm error Missing: istanbul-lib-source-maps@5.0.6 from lock file\nnpm error Missing: istanbul-reports@3.2.0 from lock file\nnpm error Missing: jest-worker@30.2.0 from lock file\nnpm error Missing: string-length@4.0.2 from lock file\nnpm error Missing: v8-to-istanbul@9.3.0 from lock file\nnpm error Missing: @types/istanbul-lib-coverage@2.0.6 from lock file\nnpm error Missing: @babel/core@7.28.4 from lock file\nnpm error Missing: babel-plugin-istanbul@7.0.1 from lock file\nnpm error Missing: convert-source-map@2.0.0 from lock file\nnpm error Missing: pirates@4.0.7 from lock file\nnpm error Missing: write-file-atomic@5.0.1 from lock file\nnpm error Missing: @babel/code-frame@7.27.1 from lock file\nnpm error Missing: @babel/generator@7.28.3 from lock file\nnpm error Missing: @babel/helper-compilation-targets@7.27.2 from lock file\nnpm error Missing: @babel/helper-module-transforms@7.28.3 from lock file\nnpm error Missing: @babel/helpers@7.28.4 from lock file\nnpm error Missing: @babel/parser@7.28.4 from lock file\nnpm error Missing: @babel/template@7.27.2 from lock file\nnpm error Missing: @babel/traverse@7.28.4 from lock file\nnpm error Missing: @babel/types@7.28.4 from lock file\nnpm error Missing: @jridgewell/remapping@2.3.5 from lock file\nnpm error Missing: gensync@1.0.0-beta.2 from lock file\nnpm error Missing: json5@2.2.3 from lock file\nnpm error Missing: semver@6.3.1 from lock file\nnpm error Missing: @babel/helper-validator-identifier@7.27.1 from lock file\nnpm error Missing: js-tokens@4.0.0 from lock file\nnpm error Missing: picocolors@1.1.1 from lock file\nnpm error Missing: @jridgewell/gen-mapping@0.3.13 from lock file\nnpm error Missing: jsesc@3.1.0 from lock file\nnpm error Missing: @babel/compat-data@7.28.4 from lock file\nnpm error Missing: @babel/helper-validator-option@7.27.1 from lock file\nnpm error Missing: browserslist@4.27.0 from lock file\nnpm error Missing: lru-cache@5.1.1 from lock file\nnpm error Missing: @babel/helper-module-imports@7.27.1 from lock file\nnpm error Missing: @babel/helper-globals@7.28.0 from lock file\nnpm error Missing: @babel/helper-string-parser@7.27.1 from lock file\nnpm error Missing: @jest/schemas@30.0.5 from lock file\nnpm error Missing: @types/istanbul-reports@3.0.4 from lock file\nnpm error Missing: @types/yargs@17.0.33 from lock file\nnpm error Missing: @sinclair/typebox@0.34.41 from lock file\nnpm error Missing: @jridgewell/sourcemap-codec@1.5.5 from lock file\nnpm error Missing: @jridgewell/resolve-uri@3.1.2 from lock file\nnpm error Missing: @types/istanbul-lib-report@3.0.3 from lock file\nnpm error Missing: @types/yargs-parser@21.0.3 from lock file\nnpm error Missing: type-fest@0.21.3 from lock file\nnpm error Missing: @babel/helper-plugin-utils@7.27.1 from lock file\nnpm error Missing: @istanbuljs/load-nyc-config@1.1.0 from lock file\nnpm error Missing: @istanbuljs/schema@0.1.3 from lock file\nnpm error Missing: test-exclude@6.0.0 from lock file\nnpm error Missing: camelcase@5.3.1 from lock file\nnpm error Missing: find-up@4.1.0 from lock file\nnpm error Missing: get-package-type@0.1.0 from lock file\nnpm error Missing: js-yaml@3.14.1 from lock file\nnpm error Missing: resolve-from@5.0.0 from lock file\nnpm error Missing: baseline-browser-mapping@2.8.19 from lock file\nnpm error Missing: caniuse-lite@1.0.30001751 from lock file\nnpm error Missing: electron-to-chromium@1.5.238 from lock file\nnpm error Missing: node-releases@2.0.26 from lock file\nnpm error Missing: update-browserslist-db@1.1.4 from lock file\nnpm error Missing: foreground-child@3.3.1 from lock file\nnpm error Missing: jackspeak@3.4.3 from lock file\nnpm error Missing: minimatch@9.0.5 from lock file\nnpm error Missing: minipass@7.1.2 from lock file\nnpm error Missing: package-json-from-dist@1.0.1 from lock file\nnpm error Missing: path-scurry@1.11.1 from lock file\nnpm error Missing: signal-exit@4.1.0 from lock file\nnpm error Missing: pkg-dir@4.2.0 from lock file\nnpm error Missing: resolve-cwd@3.0.0 from lock file\nnpm error Missing: semver@7.7.3 from lock file\nnpm error Missing: make-dir@4.0.0 from lock file\nnpm error Missing: html-escaper@2.0.2 from lock file\nnpm error Missing: @isaacs/cliui@8.0.2 from lock file\nnpm error Missing: @pkgjs/parseargs@0.11.0 from lock file\nnpm error Missing: string-width@5.1.2 from lock file\nnpm error Missing: string-width-cjs@4.2.3 from lock file\nnpm error Missing: strip-ansi@7.1.2 from lock file\nnpm error Missing: strip-ansi-cjs@6.0.1 from lock file\nnpm error Missing: wrap-ansi@8.1.0 from lock file\nnpm error Missing: wrap-ansi-cjs@7.0.0 from lock file\nnpm error Missing: execa@5.1.1 from lock file\nnpm error Missing: get-stream@6.0.1 from lock file\nnpm error Missing: human-signals@2.1.0 from lock file\nnpm error Missing: merge-stream@2.0.0 from lock file\nnpm error Missing: npm-run-path@4.0.1 from lock file\nnpm error Missing: onetime@5.1.2 from lock file\nnpm error Missing: signal-exit@3.0.7 from lock file\nnpm error Missing: strip-final-newline@2.0.0 from lock file\nnpm error Missing: @jest/get-type@30.1.0 from lock file\nnpm error Missing: @jest/test-sequencer@30.2.0 from lock file\nnpm error Missing: babel-jest@30.2.0 from lock file\nnpm error Missing: deepmerge@4.3.1 from lock file\nnpm error Missing: jest-circus@30.2.0 from lock file\nnpm error Missing: jest-docblock@30.2.0 from lock file\nnpm error Missing: jest-environment-node@30.2.0 from lock file\nnpm error Missing: parse-json@5.2.0 from lock file\nnpm error Missing: @types/babel__core@7.20.5 from lock file\nnpm error Missing: babel-preset-jest@30.2.0 from lock file\nnpm error Missing: @types/babel__generator@7.27.0 from lock file\nnpm error Missing: @types/babel__template@7.4.4 from lock file\nnpm error Missing: @types/babel__traverse@7.28.0 from lock file\nnpm error Missing: babel-plugin-jest-hoist@30.2.0 from lock file\nnpm error Missing: babel-preset-current-node-syntax@1.2.0 from lock file\nnpm error Missing: @babel/plugin-syntax-async-generators@7.8.4 from lock file\nnpm error Missing: @babel/plugin-syntax-bigint@7.8.3 from lock file\nnpm error Missing: @babel/plugin-syntax-class-properties@7.12.13 from lock file\nnpm error Missing: @babel/plugin-syntax-class-static-block@7.14.5 from lock file\nnpm error Missing: @babel/plugin-syntax-import-attributes@7.27.1 from lock file\nnpm error Missing: @babel/plugin-syntax-import-meta@7.10.4 from lock file\nnpm error Missing: @babel/plugin-syntax-json-strings@7.8.3 from lock file\nnpm error Missing: @babel/plugin-syntax-logical-assignment-operators@7.10.4 from lock file\nnpm error Missing: @babel/plugin-syntax-nullish-coalescing-operator@7.8.3 from lock file\nnpm error Missing: @babel/plugin-syntax-numeric-separator@7.10.4 from lock file\nnpm error Missing: @babel/plugin-syntax-object-rest-spread@7.8.3 from lock file\nnpm error Missing: @babel/plugin-syntax-optional-catch-binding@7.8.3 from lock file\nnpm error Missing: @babel/plugin-syntax-optional-chaining@7.8.3 from lock file\nnpm error Missing: @babel/plugin-syntax-private-property-in-object@7.14.5 from lock file\nnpm error Missing: @babel/plugin-syntax-top-level-await@7.14.5 from lock file\nnpm error Missing: @jest/environment@30.2.0 from lock file\nnpm error Missing: @jest/expect@30.2.0 from lock file\nnpm error Missing: co@4.6.0 from lock file\nnpm error Missing: dedent@1.7.0 from lock file\nnpm error Missing: is-generator-fn@2.1.0 from lock file\nnpm error Missing: jest-each@30.2.0 from lock file\nnpm error Missing: jest-matcher-utils@30.2.0 from lock file\nnpm error Missing: pure-rand@7.0.1 from lock file\nnpm error Missing: stack-utils@2.0.6 from lock file\nnpm error Missing: @jest/fake-timers@30.2.0 from lock file\nnpm error Missing: jest-mock@30.2.0 from lock file\nnpm error Missing: expect@30.2.0 from lock file\nnpm error Missing: @sinonjs/fake-timers@13.0.5 from lock file\nnpm error Missing: @sinonjs/commons@3.0.1 from lock file\nnpm error Missing: type-detect@4.0.8 from lock file\nnpm error Missing: @jest/expect-utils@30.2.0 from lock file\nnpm error Missing: detect-newline@3.1.0 from lock file\nnpm error Missing: anymatch@3.1.3 from lock file\nnpm error Missing: fb-watchman@2.0.2 from lock file\nnpm error Missing: fsevents@2.3.3 from lock file\nnpm error Missing: walker@1.0.8 from lock file\nnpm error Missing: normalize-path@3.0.0 from lock file\nnpm error Missing: picomatch@2.3.1 from lock file\nnpm error Missing: bser@2.1.1 from lock file\nnpm error Missing: node-int64@0.4.0 from lock file\nnpm error Missing: jest-diff@30.2.0 from lock file\nnpm error Missing: @jest/diff-sequences@30.0.1 from lock file\nnpm error Missing: @types/stack-utils@2.0.3 from lock file\nnpm error Missing: jest-pnp-resolver@1.2.3 from lock file\nnpm error Missing: unrs-resolver@1.11.1 from lock file\nnpm error Missing: emittery@0.13.1 from lock file\nnpm error Missing: jest-leak-detector@30.2.0 from lock file\nnpm error Missing: source-map-support@0.5.13 from lock file\nnpm error Missing: @jest/globals@30.2.0 from lock file\nnpm error Missing: @jest/source-map@30.0.1 from lock file\nnpm error Missing: cjs-module-lexer@2.1.0 from lock file\nnpm error Missing: strip-bom@4.0.0 from lock file\nnpm error Missing: @babel/plugin-syntax-jsx@7.27.1 from lock file\nnpm error Missing: @babel/plugin-syntax-typescript@7.27.1 from lock file\nnpm error Missing: @jest/snapshot-utils@30.2.0 from lock file\nnpm error Missing: semver@7.7.3 from lock file\nnpm error Missing: synckit@0.11.11 from lock file\nnpm error Missing: picomatch@4.0.3 from lock file\nnpm error Missing: camelcase@6.3.0 from lock file\nnpm error Missing: leven@3.1.0 from lock file\nnpm error Missing: supports-color@8.1.1 from lock file\nnpm error Missing: yallist@3.1.1 from lock file\nnpm error Missing: semver@7.7.3 from lock file\nnpm error Missing: braces@3.0.3 from lock file\nnpm error Missing: fill-range@7.1.1 from lock file\nnpm error Missing: to-regex-range@5.0.1 from lock file\nnpm error Missing: mimic-fn@2.1.0 from lock file\nnpm error Missing: error-ex@1.3.4 from lock file\nnpm error Missing: json-parse-even-better-errors@2.3.1 from lock file\nnpm error Missing: lines-and-columns@1.2.4 from lock file\nnpm error Missing: is-arrayish@0.2.1 from lock file\nnpm error Missing: lru-cache@10.4.3 from lock file\nnpm error Missing: find-up@4.1.0 from lock file\nnpm error Missing: ansi-styles@5.2.0 from lock file\nnpm error Missing: react-is@18.3.1 from lock file\nnpm error Missing: resolve-from@5.0.0 from lock file\nnpm error Missing: buffer-from@1.1.2 from lock file\nnpm error Missing: source-map@0.6.1 from lock file\nnpm error Missing: escape-string-regexp@2.0.0 from lock file\nnpm error Missing: char-regex@1.0.2 from lock file\nnpm error Missing: eastasianwidth@0.2.0 from lock file\nnpm error Missing: emoji-regex@9.2.2 from lock file\nnpm error Missing: strip-ansi@7.1.2 from lock file\nnpm error Missing: emoji-regex@8.0.0 from lock file\nnpm error Missing: @pkgr/core@0.2.9 from lock file\nnpm error Missing: glob@7.2.3 from lock file\nnpm error Missing: is-number@7.0.0 from lock file\nnpm error Missing: @unrs/resolver-binding-android-arm-eabi@1.11.1 from lock file\nnpm error Missing: @unrs/resolver-binding-android-arm64@1.11.1 from lock file\nnpm error Missing: @unrs/resolver-binding-darwin-arm64@1.11.1 from lock file\nnpm error Missing: @unrs/resolver-binding-darwin-x64@1.11.1 from lock file\nnpm error Missing: @unrs/resolver-binding-freebsd-x64@1.11.1 from lock file\nnpm error Missing: @unrs/resolver-binding-linux-arm-gnueabihf@1.11.1 from lock file\nnpm error Missing: @unrs/resolver-binding-linux-arm-musleabihf@1.11.1 from lock file\nnpm error Missing: @unrs/resolver-binding-linux-arm64-gnu@1.11.1 from lock file\nnpm error Missing: @unrs/resolver-binding-linux-arm64-musl@1.11.1 from lock file\nnpm error Missing: @unrs/resolver-binding-linux-ppc64-gnu@1.11.1 from lock file\nnpm error Missing: @unrs/resolver-binding-linux-riscv64-gnu@1.11.1 from lock file\nnpm error Missing: @unrs/resolver-binding-linux-riscv64-musl@1.11.1 from lock file\nnpm error Missing: @unrs/resolver-binding-linux-s390x-gnu@1.11.1 from lock file\nnpm error Missing: @unrs/resolver-binding-linux-x64-gnu@1.11.1 from lock file\nnpm error Missing: @unrs/resolver-binding-linux-x64-musl@1.11.1 from lock file\nnpm error Missing: @unrs/resolver-binding-wasm32-wasi@1.11.1 from lock file\nnpm error Missing: @unrs/resolver-binding-win32-arm64-msvc@1.11.1 from lock file\nnpm error Missing: @unrs/resolver-binding-win32-ia32-msvc@1.11.1 from lock file\nnpm error Missing: @unrs/resolver-binding-win32-x64-msvc@1.11.1 from lock file\nnpm error Missing: napi-postinstall@0.3.4 from lock file\nnpm error Missing: @napi-rs/wasm-runtime@0.2.12 from lock file\nnpm error Missing: @emnapi/core@1.6.0 from lock file\nnpm error Missing: @emnapi/runtime@1.6.0 from lock file\nnpm error Missing: @tybys/wasm-util@0.10.1 from lock file\nnpm error Missing: @emnapi/wasi-threads@1.1.0 from lock file\nnpm error Missing: makeerror@1.0.12 from lock file\nnpm error Missing: tmpl@1.0.5 from lock file\nnpm error Missing: ansi-styles@6.2.3 from lock file\nnpm error Missing: strip-ansi@7.1.2 from lock file\nnpm error Missing: string-width@4.2.3 from lock file\nnpm error Missing: ansi-regex@6.2.2 from lock file\nnpm error Missing: locate-path@5.0.0 from lock file\nnpm error Missing: argparse@1.0.10 from lock file\nnpm error Missing: esprima@4.0.1 from lock file\nnpm error Missing: sprintf-js@1.0.3 from lock file\nnpm error Missing: p-locate@4.1.0 from lock file\nnpm error Missing: p-limit@2.3.0 from lock file\nnpm error Missing: p-try@2.2.0 from lock file\nnpm error Missing: brace-expansion@2.0.2 from lock file\nnpm error Missing: locate-path@5.0.0 from lock file\nnpm error Missing: p-locate@4.1.0 from lock file\nnpm error Missing: p-limit@2.3.0 from lock file\nnpm error Missing: ansi-regex@6.2.2 from lock file\nnpm error Missing: emoji-regex@8.0.0 from lock file\nnpm error Missing: ansi-regex@6.2.2 from lock file\nnpm error\nnpm error Clean install a project\nnpm error\nnpm error Usage:\nnpm error npm ci\nnpm error\nnpm error Options:\nnpm error [--install-strategy <hoisted|nested|shallow|linked>] [--legacy-bundling]\nnpm error [--global-style] [--omit <dev|optional|peer> [--omit <dev|optional|peer> ...]]\nnpm error [--include <prod|dev|optional|peer> [--include <prod|dev|optional|peer> ...]]\nnpm error [--strict-peer-deps] [--foreground-scripts] [--ignore-scripts] [--no-audit]\nnpm error [--no-bin-links] [--no-fund] [--dry-run]\nnpm error [-w|--workspace <workspace-name> [-w|--workspace <workspace-name> ...]]\nnpm error [-ws|--workspaces] [--include-workspace-root] [--install-links]\nnpm error\nnpm error aliases: clean-install, ic, install-clean, isntall-clean\nnpm error\nnpm error Run \"npm help ci\" for more info\nnpm error A complete log of this run can be found in: /www-data-home/.npm/_logs/2025-10-22T17_13_05_468Z-debug-0.log; Error ID: 7fa33aaa",
    "original": {
      "code": 3,
      "message": "Build failed: npm error code EUSAGE\nnpm error\nnpm error `npm ci` can only install packages when your package.json and package-lock.json or npm-shrinkwrap.json are in sync. Please update your lock file with `npm install` before continuing.\nnpm error\nnpm error Missing: jest@30.2.0 from lock file\nnpm error Missing: @jest/core@30.2.0 from lock file\nnpm error Missing: @jest/types@30.2.0 from lock file\nnpm error Missing: import-local@3.2.0 from lock file\nnpm error Missing: jest-cli@30.2.0 from lock file\nnpm error Missing: @jest/console@30.2.0 from lock file\nnpm error Missing: @jest/pattern@30.0.1 from lock file\nnpm error Missing: @jest/reporters@30.2.0 from lock file\nnpm error Missing: @jest/test-result@30.2.0 from lock file\nnpm error Missing: @jest/transform@30.2.0 from lock file\nnpm error Missing: ansi-escapes@4.3.2 from lock file\nnpm error Missing: ci-info@4.3.1 from lock file\nnpm error Missing: exit-x@0.2.2 from lock file\nnpm error Missing: graceful-fs@4.2.11 from lock file\nnpm error Missing: jest-changed-files@30.2.0 from lock file\nnpm error Missing: jest-config@30.2.0 from lock file\nnpm error Missing: jest-haste-map@30.2.0 from lock file\nnpm error Missing: jest-message-util@30.2.0 from lock file\nnpm error Missing: jest-regex-util@30.0.1 from lock file\nnpm error Missing: jest-resolve@30.2.0 from lock file\nnpm error Missing: jest-resolve-dependencies@30.2.0 from lock file\nnpm error Missing: jest-runner@30.2.0 from lock file\nnpm error Missing: jest-runtime@30.2.0 from lock file\nnpm error Missing: jest-snapshot@30.2.0 from lock file\nnpm error Missing: jest-util@30.2.0 from lock file\nnpm error Missing: jest-validate@30.2.0 from lock file\nnpm error Missing: jest-watcher@30.2.0 from lock file\nnpm error Missing: micromatch@4.0.8 from lock file\nnpm error Missing: pretty-format@30.2.0 from lock file\nnpm error Missing: slash@3.0.0 from lock file\nnpm error Missing: @bcoe/v8-coverage@0.2.3 from lock file\nnpm error Missing: @jridgewell/trace-mapping@0.3.31 from lock file\nnpm error Missing: collect-v8-coverage@1.0.3 from lock file\nnpm error Missing: glob@10.4.5 from lock file\nnpm error Missing: istanbul-lib-coverage@3.2.2 from lock file\nnpm error Missing: istanbul-lib-instrument@6.0.3 from lock file\nnpm error Missing: istanbul-lib-report@3.0.1 from lock file\nnpm error Missing: istanbul-lib-source-maps@5.0.6 from lock file\nnpm error Missing: istanbul-reports@3.2.0 from lock file\nnpm error Missing: jest-worker@30.2.0 from lock file\nnpm error Missing: string-length@4.0.2 from lock file\nnpm error Missing: v8-to-istanbul@9.3.0 from lock file\nnpm error Missing: @types/istanbul-lib-coverage@2.0.6 from lock file\nnpm error Missing: @babel/core@7.28.4 from lock file\nnpm error Missing: babel-plugin-istanbul@7.0.1 from lock file\nnpm error Missing: convert-source-map@2.0.0 from lock file\nnpm error Missing: pirates@4.0.7 from lock file\nnpm error Missing: write-file-atomic@5.0.1 from lock file\nnpm error Missing: @babel/code-frame@7.27.1 from lock file\nnpm error Missing: @babel/generator@7.28.3 from lock file\nnpm error Missing: @babel/helper-compilation-targets@7.27.2 from lock file\nnpm error Missing: @babel/helper-module-transforms@7.28.3 from lock file\nnpm error Missing: @babel/helpers@7.28.4 from lock file\nnpm error Missing: @babel/parser@7.28.4 from lock file\nnpm error Missing: @babel/template@7.27.2 from lock file\nnpm error Missing: @babel/traverse@7.28.4 from lock file\nnpm error Missing: @babel/types@7.28.4 from lock file\nnpm error Missing: @jridgewell/remapping@2.3.5 from lock file\nnpm error Missing: gensync@1.0.0-beta.2 from lock file\nnpm error Missing: json5@2.2.3 from lock file\nnpm error Missing: semver@6.3.1 from lock file\nnpm error Missing: @babel/helper-validator-identifier@7.27.1 from lock file\nnpm error Missing: js-tokens@4.0.0 from lock file\nnpm error Missing: picocolors@1.1.1 from lock file\nnpm error Missing: @jridgewell/gen-mapping@0.3.13 from lock file\nnpm error Missing: jsesc@3.1.0 from lock file\nnpm error Missing: @babel/compat-data@7.28.4 from lock file\nnpm error Missing: @babel/helper-validator-option@7.27.1 from lock file\nnpm error Missing: browserslist@4.27.0 from lock file\nnpm error Missing: lru-cache@5.1.1 from lock file\nnpm error Missing: @babel/helper-module-imports@7.27.1 from lock file\nnpm error Missing: @babel/helper-globals@7.28.0 from lock file\nnpm error Missing: @babel/helper-string-parser@7.27.1 from lock file\nnpm error Missing: @jest/schemas@30.0.5 from lock file\nnpm error Missing: @types/istanbul-reports@3.0.4 from lock file\nnpm error Missing: @types/yargs@17.0.33 from lock file\nnpm error Missing: @sinclair/typebox@0.34.41 from lock file\nnpm error Missing: @jridgewell/sourcemap-codec@1.5.5 from lock file\nnpm error Missing: @jridgewell/resolve-uri@3.1.2 from lock file\nnpm error Missing: @types/istanbul-lib-report@3.0.3 from lock file\nnpm error Missing: @types/yargs-parser@21.0.3 from lock file\nnpm error Missing: type-fest@0.21.3 from lock file\nnpm error Missing: @babel/helper-plugin-utils@7.27.1 from lock file\nnpm error Missing: @istanbuljs/load-nyc-config@1.1.0 from lock file\nnpm error Missing: @istanbuljs/schema@0.1.3 from lock file\nnpm error Missing: test-exclude@6.0.0 from lock file\nnpm error Missing: camelcase@5.3.1 from lock file\nnpm error Missing: find-up@4.1.0 from lock file\nnpm error Missing: get-package-type@0.1.0 from lock file\nnpm error Missing: js-yaml@3.14.1 from lock file\nnpm error Missing: resolve-from@5.0.0 from lock file\nnpm error Missing: baseline-browser-mapping@2.8.19 from lock file\nnpm error Missing: caniuse-lite@1.0.30001751 from lock file\nnpm error Missing: electron-to-chromium@1.5.238 from lock file\nnpm error Missing: node-releases@2.0.26 from lock file\nnpm error Missing: update-browserslist-db@1.1.4 from lock file\nnpm error Missing: foreground-child@3.3.1 from lock file\nnpm error Missing: jackspeak@3.4.3 from lock file\nnpm error Missing: minimatch@9.0.5 from lock file\nnpm error Missing: minipass@7.1.2 from lock file\nnpm error Missing: package-json-from-dist@1.0.1 from lock file\nnpm error Missing: path-scurry@1.11.1 from lock file\nnpm error Missing: signal-exit@4.1.0 from lock file\nnpm error Missing: pkg-dir@4.2.0 from lock file\nnpm error Missing: resolve-cwd@3.0.0 from lock file\nnpm error Missing: semver@7.7.3 from lock file\nnpm error Missing: make-dir@4.0.0 from lock file\nnpm error Missing: html-escaper@2.0.2 from lock file\nnpm error Missing: @isaacs/cliui@8.0.2 from lock file\nnpm error Missing: @pkgjs/parseargs@0.11.0 from lock file\nnpm error Missing: string-width@5.1.2 from lock file\nnpm error Missing: string-width-cjs@4.2.3 from lock file\nnpm error Missing: strip-ansi@7.1.2 from lock file\nnpm error Missing: strip-ansi-cjs@6.0.1 from lock file\nnpm error Missing: wrap-ansi@8.1.0 from lock file\nnpm error Missing: wrap-ansi-cjs@7.0.0 from lock file\nnpm error Missing: execa@5.1.1 from lock file\nnpm error Missing: get-stream@6.0.1 from lock file\nnpm error Missing: human-signals@2.1.0 from lock file\nnpm error Missing: merge-stream@2.0.0 from lock file\nnpm error Missing: npm-run-path@4.0.1 from lock file\nnpm error Missing: onetime@5.1.2 from lock file\nnpm error Missing: signal-exit@3.0.7 from lock file\nnpm error Missing: strip-final-newline@2.0.0 from lock file\nnpm error Missing: @jest/get-type@30.1.0 from lock file\nnpm error Missing: @jest/test-sequencer@30.2.0 from lock file\nnpm error Missing: babel-jest@30.2.0 from lock file\nnpm error Missing: deepmerge@4.3.1 from lock file\nnpm error Missing: jest-circus@30.2.0 from lock file\nnpm error Missing: jest-docblock@30.2.0 from lock file\nnpm error Missing: jest-environment-node@30.2.0 from lock file\nnpm error Missing: parse-json@5.2.0 from lock file\nnpm error Missing: @types/babel__core@7.20.5 from lock file\nnpm error Missing: babel-preset-jest@30.2.0 from lock file\nnpm error Missing: @types/babel__generator@7.27.0 from lock file\nnpm error Missing: @types/babel__template@7.4.4 from lock file\nnpm error Missing: @types/babel__traverse@7.28.0 from lock file\nnpm error Missing: babel-plugin-jest-hoist@30.2.0 from lock file\nnpm error Missing: babel-preset-current-node-syntax@1.2.0 from lock file\nnpm error Missing: @babel/plugin-syntax-async-generators@7.8.4 from lock file\nnpm error Missing: @babel/plugin-syntax-bigint@7.8.3 from lock file\nnpm error Missing: @babel/plugin-syntax-class-properties@7.12.13 from lock file\nnpm error Missing: @babel/plugin-syntax-class-static-block@7.14.5 from lock file\nnpm error Missing: @babel/plugin-syntax-import-attributes@7.27.1 from lock file\nnpm error Missing: @babel/plugin-syntax-import-meta@7.10.4 from lock file\nnpm error Missing: @babel/plugin-syntax-json-strings@7.8.3 from lock file\nnpm error Missing: @babel/plugin-syntax-logical-assignment-operators@7.10.4 from lock file\nnpm error Missing: @babel/plugin-syntax-nullish-coalescing-operator@7.8.3 from lock file\nnpm error Missing: @babel/plugin-syntax-numeric-separator@7.10.4 from lock file\nnpm error Missing: @babel/plugin-syntax-object-rest-spread@7.8.3 from lock file\nnpm error Missing: @babel/plugin-syntax-optional-catch-binding@7.8.3 from lock file\nnpm error Missing: @babel/plugin-syntax-optional-chaining@7.8.3 from lock file\nnpm error Missing: @babel/plugin-syntax-private-property-in-object@7.14.5 from lock file\nnpm error Missing: @babel/plugin-syntax-top-level-await@7.14.5 from lock file\nnpm error Missing: @jest/environment@30.2.0 from lock file\nnpm error Missing: @jest/expect@30.2.0 from lock file\nnpm error Missing: co@4.6.0 from lock file\nnpm error Missing: dedent@1.7.0 from lock file\nnpm error Missing: is-generator-fn@2.1.0 from lock file\nnpm error Missing: jest-each@30.2.0 from lock file\nnpm error Missing: jest-matcher-utils@30.2.0 from lock file\nnpm error Missing: pure-rand@7.0.1 from lock file\nnpm error Missing: stack-utils@2.0.6 from lock file\nnpm error Missing: @jest/fake-timers@30.2.0 from lock file\nnpm error Missing: jest-mock@30.2.0 from lock file\nnpm error Missing: expect@30.2.0 from lock file\nnpm error Missing: @sinonjs/fake-timers@13.0.5 from lock file\nnpm error Missing: @sinonjs/commons@3.0.1 from lock file\nnpm error Missing: type-detect@4.0.8 from lock file\nnpm error Missing: @jest/expect-utils@30.2.0 from lock file\nnpm error Missing: detect-newline@3.1.0 from lock file\nnpm error Missing: anymatch@3.1.3 from lock file\nnpm error Missing: fb-watchman@2.0.2 from lock file\nnpm error Missing: fsevents@2.3.3 from lock file\nnpm error Missing: walker@1.0.8 from lock file\nnpm error Missing: normalize-path@3.0.0 from lock file\nnpm error Missing: picomatch@2.3.1 from lock file\nnpm error Missing: bser@2.1.1 from lock file\nnpm error Missing: node-int64@0.4.0 from lock file\nnpm error Missing: jest-diff@30.2.0 from lock file\nnpm error Missing: @jest/diff-sequences@30.0.1 from lock file\nnpm error Missing: @types/stack-utils@2.0.3 from lock file\nnpm error Missing: jest-pnp-resolver@1.2.3 from lock file\nnpm error Missing: unrs-resolver@1.11.1 from lock file\nnpm error Missing: emittery@0.13.1 from lock file\nnpm error Missing: jest-leak-detector@30.2.0 from lock file\nnpm error Missing: source-map-support@0.5.13 from lock file\nnpm error Missing: @jest/globals@30.2.0 from lock file\nnpm error Missing: @jest/source-map@30.0.1 from lock file\nnpm error Missing: cjs-module-lexer@2.1.0 from lock file\nnpm error Missing: strip-bom@4.0.0 from lock file\nnpm error Missing: @babel/plugin-syntax-jsx@7.27.1 from lock file\nnpm error Missing: @babel/plugin-syntax-typescript@7.27.1 from lock file\nnpm error Missing: @jest/snapshot-utils@30.2.0 from lock file\nnpm error Missing: semver@7.7.3 from lock file\nnpm error Missing: synckit@0.11.11 from lock file\nnpm error Missing: picomatch@4.0.3 from lock file\nnpm error Missing: camelcase@6.3.0 from lock file\nnpm error Missing: leven@3.1.0 from lock file\nnpm error Missing: supports-color@8.1.1 from lock file\nnpm error Missing: yallist@3.1.1 from lock file\nnpm error Missing: semver@7.7.3 from lock file\nnpm error Missing: braces@3.0.3 from lock file\nnpm error Missing: fill-range@7.1.1 from lock file\nnpm error Missing: to-regex-range@5.0.1 from lock file\nnpm error Missing: mimic-fn@2.1.0 from lock file\nnpm error Missing: error-ex@1.3.4 from lock file\nnpm error Missing: json-parse-even-better-errors@2.3.1 from lock file\nnpm error Missing: lines-and-columns@1.2.4 from lock file\nnpm error Missing: is-arrayish@0.2.1 from lock file\nnpm error Missing: lru-cache@10.4.3 from lock file\nnpm error Missing: find-up@4.1.0 from lock file\nnpm error Missing: ansi-styles@5.2.0 from lock file\nnpm error Missing: react-is@18.3.1 from lock file\nnpm error Missing: resolve-from@5.0.0 from lock file\nnpm error Missing: buffer-from@1.1.2 from lock file\nnpm error Missing: source-map@0.6.1 from lock file\nnpm error Missing: escape-string-regexp@2.0.0 from lock file\nnpm error Missing: char-regex@1.0.2 from lock file\nnpm error Missing: eastasianwidth@0.2.0 from lock file\nnpm error Missing: emoji-regex@9.2.2 from lock file\nnpm error Missing: strip-ansi@7.1.2 from lock file\nnpm error Missing: emoji-regex@8.0.0 from lock file\nnpm error Missing: @pkgr/core@0.2.9 from lock file\nnpm error Missing: glob@7.2.3 from lock file\nnpm error Missing: is-number@7.0.0 from lock file\nnpm error Missing: @unrs/resolver-binding-android-arm-eabi@1.11.1 from lock file\nnpm error Missing: @unrs/resolver-binding-android-arm64@1.11.1 from lock file\nnpm error Missing: @unrs/resolver-binding-darwin-arm64@1.11.1 from lock file\nnpm error Missing: @unrs/resolver-binding-darwin-x64@1.11.1 from lock file\nnpm error Missing: @unrs/resolver-binding-freebsd-x64@1.11.1 from lock file\nnpm error Missing: @unrs/resolver-binding-linux-arm-gnueabihf@1.11.1 from lock file\nnpm error Missing: @unrs/resolver-binding-linux-arm-musleabihf@1.11.1 from lock file\nnpm error Missing: @unrs/resolver-binding-linux-arm64-gnu@1.11.1 from lock file\nnpm error Missing: @unrs/resolver-binding-linux-arm64-musl@1.11.1 from lock file\nnpm error Missing: @unrs/resolver-binding-linux-ppc64-gnu@1.11.1 from lock file\nnpm error Missing: @unrs/resolver-binding-linux-riscv64-gnu@1.11.1 from lock file\nnpm error Missing: @unrs/resolver-binding-linux-riscv64-musl@1.11.1 from lock file\nnpm error Missing: @unrs/resolver-binding-linux-s390x-gnu@1.11.1 from lock file\nnpm error Missing: @unrs/resolver-binding-linux-x64-gnu@1.11.1 from lock file\nnpm error Missing: @unrs/resolver-binding-linux-x64-musl@1.11.1 from lock file\nnpm error Missing: @unrs/resolver-binding-wasm32-wasi@1.11.1 from lock file\nnpm error Missing: @unrs/resolver-binding-win32-arm64-msvc@1.11.1 from lock file\nnpm error Missing: @unrs/resolver-binding-win32-ia32-msvc@1.11.1 from lock file\nnpm error Missing: @unrs/resolver-binding-win32-x64-msvc@1.11.1 from lock file\nnpm error Missing: napi-postinstall@0.3.4 from lock file\nnpm error Missing: @napi-rs/wasm-runtime@0.2.12 from lock file\nnpm error Missing: @emnapi/core@1.6.0 from lock file\nnpm error Missing: @emnapi/runtime@1.6.0 from lock file\nnpm error Missing: @tybys/wasm-util@0.10.1 from lock file\nnpm error Missing: @emnapi/wasi-threads@1.1.0 from lock file\nnpm error Missing: makeerror@1.0.12 from lock file\nnpm error Missing: tmpl@1.0.5 from lock file\nnpm error Missing: ansi-styles@6.2.3 from lock file\nnpm error Missing: strip-ansi@7.1.2 from lock file\nnpm error Missing: string-width@4.2.3 from lock file\nnpm error Missing: ansi-regex@6.2.2 from lock file\nnpm error Missing: locate-path@5.0.0 from lock file\nnpm error Missing: argparse@1.0.10 from lock file\nnpm error Missing: esprima@4.0.1 from lock file\nnpm error Missing: sprintf-js@1.0.3 from lock file\nnpm error Missing: p-locate@4.1.0 from lock file\nnpm error Missing: p-limit@2.3.0 from lock file\nnpm error Missing: p-try@2.2.0 from lock file\nnpm error Missing: brace-expansion@2.0.2 from lock file\nnpm error Missing: locate-path@5.0.0 from lock file\nnpm error Missing: p-locate@4.1.0 from lock file\nnpm error Missing: p-limit@2.3.0 from lock file\nnpm error Missing: ansi-regex@6.2.2 from lock file\nnpm error Missing: emoji-regex@8.0.0 from lock file\nnpm error Missing: ansi-regex@6.2.2 from lock file\nnpm error\nnpm error Clean install a project\nnpm error\nnpm error Usage:\nnpm error npm ci\nnpm error\nnpm error Options:\nnpm error [--install-strategy <hoisted|nested|shallow|linked>] [--legacy-bundling]\nnpm error [--global-style] [--omit <dev|optional|peer> [--omit <dev|optional|peer> ...]]\nnpm error [--include <prod|dev|optional|peer> [--include <prod|dev|optional|peer> ...]]\nnpm error [--strict-peer-deps] [--foreground-scripts] [--ignore-scripts] [--no-audit]\nnpm error [--no-bin-links] [--no-fund] [--dry-run]\nnpm error [-w|--workspace <workspace-name> [-w|--workspace <workspace-name> ...]]\nnpm error [-ws|--workspaces] [--include-workspace-root] [--install-links]\nnpm error\nnpm error aliases: clean-install, ic, install-clean, isntall-clean\nnpm error\nnpm error Run \"npm help ci\" for more info\nnpm error A complete log of this run can be found in: /www-data-home/.npm/_logs/2025-10-22T17_13_05_468Z-debug-0.log; Error ID: 7fa33aaa"
    },
    "status": 3,
    "code": 3
  }
}
[debug] [2025-10-22T17:13:41.123Z] Error: Failed to update function adminUpload in region us-central1
    at C:\Users\smuno\AppData\Roaming\npm\node_modules\firebase-tools\lib\deploy\functions\release\fabricator.js:52:11
    at process.processTicksAndRejections (node:internal/process/task_queues:105:5)
    at async Fabricator.updateV1Function (C:\Users\smuno\AppData\Roaming\npm\node_modules\firebase-tools\lib\deploy\functions\release\fabricator.js:364:32)
    at async Fabricator.updateEndpoint (C:\Users\smuno\AppData\Roaming\npm\node_modules\firebase-tools\lib\deploy\functions\release\fabricator.js:157:13)
    at async handle (C:\Users\smuno\AppData\Roaming\npm\node_modules\firebase-tools\lib\deploy\functions\release\fabricator.js:89:17)
[error] 
[error] Error: There was an error deploying functions
[debug] [2025-10-22T17:16:35.467Z] ----------------------------------------------------------------------
[debug] [2025-10-22T17:16:35.485Z] Command:       C:\Program Files\nodejs\node.exe C:\Users\smuno\AppData\Roaming\npm\node_modules\firebase-tools\lib\bin\firebase.js deploy --only functions:adminUpload --project ceso-aphis-yuc
[debug] [2025-10-22T17:16:35.486Z] CLI Version:   14.20.0
[debug] [2025-10-22T17:16:35.486Z] Platform:      win32
[debug] [2025-10-22T17:16:35.486Z] Node Version:  v22.20.0
[debug] [2025-10-22T17:16:35.488Z] Time:          Wed Oct 22 2025 11:16:35 GMT-0600 (hora estándar central)
[debug] [2025-10-22T17:16:35.488Z] ----------------------------------------------------------------------
[debug] 
[debug] [2025-10-22T17:16:36.086Z] > command requires scopes: ["email","openid","https://www.googleapis.com/auth/cloudplatformprojects.readonly","https://www.googleapis.com/auth/firebase","https://www.googleapis.com/auth/cloud-platform"]
[debug] [2025-10-22T17:16:36.087Z] > authorizing via signed-in user (smunozam@gmail.com)
[debug] [2025-10-22T17:16:36.088Z] [iam] checking project ceso-aphis-yuc for permissions ["cloudfunctions.functions.create","cloudfunctions.functions.delete","cloudfunctions.functions.get","cloudfunctions.functions.list","cloudfunctions.functions.update","cloudfunctions.operations.get","firebase.projects.get"]
[debug] [2025-10-22T17:16:36.091Z] Checked if tokens are valid: true, expires at: 1761155918117
[debug] [2025-10-22T17:16:36.091Z] Checked if tokens are valid: true, expires at: 1761155918117
[debug] [2025-10-22T17:16:36.095Z] >>> [apiv2][query] POST https://cloudresourcemanager.googleapis.com/v1/projects/ceso-aphis-yuc:testIamPermissions [none]
[debug] [2025-10-22T17:16:36.095Z] >>> [apiv2][(partial)header] POST https://cloudresourcemanager.googleapis.com/v1/projects/ceso-aphis-yuc:testIamPermissions x-goog-quota-user=projects/ceso-aphis-yuc
[debug] [2025-10-22T17:16:36.096Z] >>> [apiv2][body] POST https://cloudresourcemanager.googleapis.com/v1/projects/ceso-aphis-yuc:testIamPermissions {"permissions":["cloudfunctions.functions.create","cloudfunctions.functions.delete","cloudfunctions.functions.get","cloudfunctions.functions.list","cloudfunctions.functions.update","cloudfunctions.operations.get","firebase.projects.get"]}
[debug] [2025-10-22T17:16:36.683Z] <<< [apiv2][status] POST https://cloudresourcemanager.googleapis.com/v1/projects/ceso-aphis-yuc:testIamPermissions 200
[debug] [2025-10-22T17:16:36.684Z] <<< [apiv2][body] POST https://cloudresourcemanager.googleapis.com/v1/projects/ceso-aphis-yuc:testIamPermissions {"permissions":["cloudfunctions.functions.create","cloudfunctions.functions.delete","cloudfunctions.functions.get","cloudfunctions.functions.list","cloudfunctions.functions.update","cloudfunctions.operations.get","firebase.projects.get"]}
[debug] [2025-10-22T17:16:36.685Z] Checked if tokens are valid: true, expires at: 1761155918117
[debug] [2025-10-22T17:16:36.685Z] Checked if tokens are valid: true, expires at: 1761155918117
[debug] [2025-10-22T17:16:36.685Z] >>> [apiv2][query] POST https://iam.googleapis.com/v1/projects/ceso-aphis-yuc/serviceAccounts/ceso-aphis-yuc@appspot.gserviceaccount.com:testIamPermissions [none]
[debug] [2025-10-22T17:16:36.685Z] >>> [apiv2][body] POST https://iam.googleapis.com/v1/projects/ceso-aphis-yuc/serviceAccounts/ceso-aphis-yuc@appspot.gserviceaccount.com:testIamPermissions {"permissions":["iam.serviceAccounts.actAs"]}
[debug] [2025-10-22T17:16:36.932Z] <<< [apiv2][status] POST https://iam.googleapis.com/v1/projects/ceso-aphis-yuc/serviceAccounts/ceso-aphis-yuc@appspot.gserviceaccount.com:testIamPermissions 200
[debug] [2025-10-22T17:16:36.932Z] <<< [apiv2][body] POST https://iam.googleapis.com/v1/projects/ceso-aphis-yuc/serviceAccounts/ceso-aphis-yuc@appspot.gserviceaccount.com:testIamPermissions {"permissions":["iam.serviceAccounts.actAs"]}
[info] 
[info] === Deploying to 'ceso-aphis-yuc'...
[info] 
[info] i  deploying functions 
[debug] [2025-10-22T17:16:36.941Z] Checked if tokens are valid: true, expires at: 1761155918117
[debug] [2025-10-22T17:16:36.942Z] Checked if tokens are valid: true, expires at: 1761155918117
[debug] [2025-10-22T17:16:36.942Z] >>> [apiv2][query] GET https://cloudresourcemanager.googleapis.com/v1/projects/ceso-aphis-yuc [none]
[debug] [2025-10-22T17:16:37.087Z] <<< [apiv2][status] GET https://cloudresourcemanager.googleapis.com/v1/projects/ceso-aphis-yuc 200
[debug] [2025-10-22T17:16:37.088Z] <<< [apiv2][body] GET https://cloudresourcemanager.googleapis.com/v1/projects/ceso-aphis-yuc {"projectNumber":"584773462235","projectId":"ceso-aphis-yuc","lifecycleState":"ACTIVE","name":"ceso-aphis-yuc","labels":{"firebase":"enabled","firebase-core":"disabled"},"createTime":"2025-10-04T21:32:18.474810Z"}
[info] i  functions: preparing codebase default for deployment 
[info] i  functions: ensuring required API cloudfunctions.googleapis.com is enabled... 
[info] i  functions: ensuring required API cloudbuild.googleapis.com is enabled... 
[info] i  artifactregistry: ensuring required API artifactregistry.googleapis.com is enabled... 
[debug] [2025-10-22T17:16:37.101Z] Checked if tokens are valid: true, expires at: 1761155918117
[debug] [2025-10-22T17:16:37.102Z] Checked if tokens are valid: true, expires at: 1761155918117
[debug] [2025-10-22T17:16:37.102Z] >>> [apiv2][query] GET https://firebase.googleapis.com/v1beta1/projects/ceso-aphis-yuc/adminSdkConfig [none]
[debug] [2025-10-22T17:16:37.468Z] <<< [apiv2][status] GET https://firebase.googleapis.com/v1beta1/projects/ceso-aphis-yuc/adminSdkConfig 200
[debug] [2025-10-22T17:16:37.468Z] <<< [apiv2][body] GET https://firebase.googleapis.com/v1beta1/projects/ceso-aphis-yuc/adminSdkConfig {"projectId":"ceso-aphis-yuc","storageBucket":"ceso-aphis-yuc.firebasestorage.app"}
[debug] [2025-10-22T17:16:37.470Z] Checked if tokens are valid: true, expires at: 1761155918117
[debug] [2025-10-22T17:16:37.470Z] Checked if tokens are valid: true, expires at: 1761155918117
[debug] [2025-10-22T17:16:37.471Z] >>> [apiv2][query] GET https://runtimeconfig.googleapis.com/v1beta1/projects/ceso-aphis-yuc/configs [none]
[debug] [2025-10-22T17:16:37.847Z] <<< [apiv2][status] GET https://runtimeconfig.googleapis.com/v1beta1/projects/ceso-aphis-yuc/configs 200
[debug] [2025-10-22T17:16:37.848Z] <<< [apiv2][body] GET https://runtimeconfig.googleapis.com/v1beta1/projects/ceso-aphis-yuc/configs {"configs":[{"name":"projects/ceso-aphis-yuc/configs/admin"}]}
[debug] [2025-10-22T17:16:37.848Z] Checked if tokens are valid: true, expires at: 1761155918117
[debug] [2025-10-22T17:16:37.849Z] Checked if tokens are valid: true, expires at: 1761155918117
[debug] [2025-10-22T17:16:37.849Z] >>> [apiv2][query] GET https://runtimeconfig.googleapis.com/v1beta1/projects/ceso-aphis-yuc/configs/admin/variables [none]
[debug] [2025-10-22T17:16:38.050Z] <<< [apiv2][status] GET https://runtimeconfig.googleapis.com/v1beta1/projects/ceso-aphis-yuc/configs/admin/variables 200
[debug] [2025-10-22T17:16:38.050Z] <<< [apiv2][body] GET https://runtimeconfig.googleapis.com/v1beta1/projects/ceso-aphis-yuc/configs/admin/variables {"variables":[{"name":"projects/ceso-aphis-yuc/configs/admin/variables/key","updateTime":"2025-10-22T16:58:46.001781381Z"}]}
[debug] [2025-10-22T17:16:38.051Z] Checked if tokens are valid: true, expires at: 1761155918117
[debug] [2025-10-22T17:16:38.052Z] Checked if tokens are valid: true, expires at: 1761155918117
[debug] [2025-10-22T17:16:38.052Z] >>> [apiv2][query] GET https://runtimeconfig.googleapis.com/v1beta1/projects/ceso-aphis-yuc/configs/admin/variables/key [none]
[debug] [2025-10-22T17:16:38.247Z] <<< [apiv2][status] GET https://runtimeconfig.googleapis.com/v1beta1/projects/ceso-aphis-yuc/configs/admin/variables/key 200
[debug] [2025-10-22T17:16:38.247Z] <<< [apiv2][body] GET https://runtimeconfig.googleapis.com/v1beta1/projects/ceso-aphis-yuc/configs/admin/variables/key {"name":"projects/ceso-aphis-yuc/configs/admin/variables/key","updateTime":"2025-10-22T16:58:46.001781381Z","text":"REPLACE_WITH_STRONG_KEY"}
[debug] [2025-10-22T17:16:38.253Z] Validating nodejs source
[warn] !  functions: Runtime Node.js 18 was deprecated on 2025-04-30 and will be decommissioned on 2025-10-30, after which you will not be able to deploy without upgrading. Consider upgrading now to avoid disruption. See https://cloud.google.com/functions/docs/runtime-support for full details on the lifecycle policy 
[warn] !  functions: package.json indicates an outdated version of firebase-functions. Please upgrade using npm install --save firebase-functions@latest in your functions directory. 
[warn] !  functions: Please note that there will be breaking changes when you upgrade. 
[debug] [2025-10-22T17:16:44.650Z] > [functions] package.json contents: {
  "name": "functions",
  "version": "1.0.0",
  "description": "Cloud Functions for Centro de Consulta",
  "main": "index.js",
  "scripts": {
    "lint": "eslint .",
    "serve": "firebase emulators:start --only functions",
    "shell": "firebase functions:shell",
    "start": "npm run shell",
    "deploy": "firebase deploy --only functions",
    "logs": "firebase functions:log"
  },
  "engines": {
    "node": "18"
  },
  "dependencies": {
    "firebase-admin": "^12.7.0",
    "firebase-functions": "^4.9.0",
    "cors": "^2.8.5"
  },
  "devDependencies": {
    "eslint": "^8.15.0",
    "eslint-config-google": "^0.14.0",
    "firebase-functions-test": "^3.1.0"
  },
  "private": true
}
[debug] [2025-10-22T17:16:44.650Z] Building nodejs source
[info] i  functions: Loading and analyzing source code for codebase default to determine what to deploy 
[info] i  functions: You are using a version of firebase-functions SDK (4.9.0) that does not have support for the newest Firebase Extensions features. Please update firebase-functions SDK to >=5.1.0 to use them correctly 
[debug] [2025-10-22T17:16:44.661Z] Could not find functions.yaml. Must use http discovery
[debug] [2025-10-22T17:16:44.700Z] Found firebase-functions binary at 'C:\proyectos\tb-yucatan_new_web_app\functions\node_modules\.bin\firebase-functions'
[info] Serving at port 8042

[debug] [2025-10-22T17:16:47.291Z] Got response from /__/functions.yaml {"endpoints":{"adminUpload":{"platform":"gcfv1","availableMemoryMb":null,"timeoutSeconds":null,"minInstances":null,"maxInstances":null,"ingressSettings":null,"serviceAccountEmail":null,"vpc":null,"httpsTrigger":{},"entryPoint":"adminUpload"}},"specVersion":"v1alpha1","requiredAPIs":[]}
[info] i  functions: preparing functions directory for uploading... 
[info] i  functions: packaged C:\proyectos\tb-yucatan_new_web_app\functions (45.12 KB) for uploading 
[debug] [2025-10-22T17:16:51.438Z] Checked if tokens are valid: true, expires at: 1761155918117
[debug] [2025-10-22T17:16:51.438Z] Checked if tokens are valid: true, expires at: 1761155918117
[debug] [2025-10-22T17:16:51.438Z] >>> [apiv2][query] GET https://cloudfunctions.googleapis.com/v1/projects/ceso-aphis-yuc/locations/-/functions [none]
[debug] [2025-10-22T17:16:51.972Z] <<< [apiv2][status] GET https://cloudfunctions.googleapis.com/v1/projects/ceso-aphis-yuc/locations/-/functions 200
[debug] [2025-10-22T17:16:51.972Z] <<< [apiv2][body] GET https://cloudfunctions.googleapis.com/v1/projects/ceso-aphis-yuc/locations/-/functions {"functions":[{"name":"projects/ceso-aphis-yuc/locations/us-central1/functions/adminUpload","httpsTrigger":{"url":"https://us-central1-ceso-aphis-yuc.cloudfunctions.net/adminUpload","securityLevel":"SECURE_ALWAYS"},"status":"OFFLINE","entryPoint":"adminUpload","timeout":"60s","availableMemoryMb":256,"serviceAccountEmail":"ceso-aphis-yuc@appspot.gserviceaccount.com","updateTime":"2025-10-22T17:07:31.046619737Z","versionId":"2","labels":{"deployment-tool":"cli-firebase","firebase-functions-hash":"d45af698d4b2b7cf6ad80d87b34af534503b0d75"},"sourceUploadUrl":"https://storage.googleapis.com/uploads-362328785189.us-central1.cloudfunctions.appspot.com/ff20e264-64ac-4bd3-a3ab-3ba3efd1c4aa.zip","environmentVariables":{"FIREBASE_CONFIG":"{\"projectId\":\"ceso-aphis-yuc\",\"storageBucket\":\"ceso-aphis-yuc.firebasestorage.app\"}","GCLOUD_PROJECT":"ceso-aphis-yuc","EVENTARC_CLOUD_EVENT_SOURCE":"projects/ceso-aphis-yuc/locations/us-central1/functions/adminUpload"},"runtime":"nodejs18","ingressSettings":"ALLOW_ALL","buildId":"16f509af-5131-40c0-8b7c-0801502f0b86","buildEnvironmentVariables":{"GOOGLE_NODE_RUN_SCRIPTS":""},"buildName":"projects/584773462235/locations/us-central1/builds/16f509af-5131-40c0-8b7c-0801502f0b86","dockerRegistry":"ARTIFACT_REGISTRY","automaticUpdatePolicy":{},"buildServiceAccount":"projects/ceso-aphis-yuc/serviceAccounts/584773462235-compute@developer.gserviceaccount.com","satisfiesPzi":true}]}
[debug] [2025-10-22T17:16:51.974Z] Checked if tokens are valid: true, expires at: 1761155918117
[debug] [2025-10-22T17:16:51.974Z] Checked if tokens are valid: true, expires at: 1761155918117
[debug] [2025-10-22T17:16:51.974Z] >>> [apiv2][query] GET https://cloudfunctions.googleapis.com/v2/projects/ceso-aphis-yuc/locations/-/functions filter=environment%3D%22GEN_2%22
[debug] [2025-10-22T17:16:52.386Z] <<< [apiv2][status] GET https://cloudfunctions.googleapis.com/v2/projects/ceso-aphis-yuc/locations/-/functions 200
[debug] [2025-10-22T17:16:52.387Z] <<< [apiv2][body] GET https://cloudfunctions.googleapis.com/v2/projects/ceso-aphis-yuc/locations/-/functions {"functions":[{"name":"projects/ceso-aphis-yuc/locations/us-central1/functions/setCustomUserRole","buildConfig":{"build":"projects/584773462235/locations/us-central1/builds/80adacad-fdcf-4019-b1f3-b35540604092","runtime":"nodejs22","entryPoint":"setCustomUserRole","source":{"storageSource":{"bucket":"gcf-v2-sources-584773462235-us-central1","object":"setCustomUserRole/function-source.zip","generation":"1761003231827502"}},"environmentVariables":{"GOOGLE_NODE_RUN_SCRIPTS":""},"dockerRepository":"projects/ceso-aphis-yuc/locations/us-central1/repositories/gcf-artifacts","sourceProvenance":{"resolvedStorageSource":{"bucket":"gcf-v2-sources-584773462235-us-central1","object":"setCustomUserRole/function-source.zip","generation":"1761003231827502"}},"dockerRegistry":"ARTIFACT_REGISTRY","serviceAccount":"projects/ceso-aphis-yuc/serviceAccounts/584773462235-compute@developer.gserviceaccount.com","automaticUpdatePolicy":{}},"serviceConfig":{"service":"projects/ceso-aphis-yuc/locations/us-central1/services/setcustomuserrole","timeoutSeconds":60,"environmentVariables":{"FIREBASE_CONFIG":"{\"projectId\":\"ceso-aphis-yuc\",\"storageBucket\":\"ceso-aphis-yuc.firebasestorage.app\"}","GCLOUD_PROJECT":"ceso-aphis-yuc","EVENTARC_CLOUD_EVENT_SOURCE":"projects/ceso-aphis-yuc/locations/us-central1/services/setCustomUserRole","FUNCTION_TARGET":"setCustomUserRole","LOG_EXECUTION_ID":"true"},"maxInstanceCount":20,"ingressSettings":"ALLOW_ALL","uri":"https://setcustomuserrole-nk5y4ez3fq-uc.a.run.app","serviceAccountEmail":"584773462235-compute@developer.gserviceaccount.com","availableMemory":"256Mi","allTrafficOnLatestRevision":true,"revision":"setcustomuserrole-00001-vip","maxInstanceRequestConcurrency":80,"availableCpu":"1"},"state":"ACTIVE","updateTime":"2025-10-20T23:35:31.612160360Z","labels":{"deployment-tool":"cli-firebase","deployment-callable":"true","firebase-functions-hash":"a24d144de07bee6e1238e7fcd42f9e6e1dc0d9c3"},"environment":"GEN_2","url":"https://us-central1-ceso-aphis-yuc.cloudfunctions.net/setCustomUserRole","createTime":"2025-10-20T23:33:52.097563898Z","satisfiesPzi":true}]}
[debug] [2025-10-22T17:16:52.395Z] Checked if tokens are valid: true, expires at: 1761155918117
[debug] [2025-10-22T17:16:52.396Z] Checked if tokens are valid: true, expires at: 1761155918117
[debug] [2025-10-22T17:16:52.396Z] >>> [apiv2][query] GET https://cloudresourcemanager.googleapis.com/v1/projects/ceso-aphis-yuc [none]
[debug] [2025-10-22T17:16:52.803Z] <<< [apiv2][status] GET https://cloudresourcemanager.googleapis.com/v1/projects/ceso-aphis-yuc 200
[debug] [2025-10-22T17:16:52.803Z] <<< [apiv2][body] GET https://cloudresourcemanager.googleapis.com/v1/projects/ceso-aphis-yuc {"projectNumber":"584773462235","projectId":"ceso-aphis-yuc","lifecycleState":"ACTIVE","name":"ceso-aphis-yuc","labels":{"firebase":"enabled","firebase-core":"disabled"},"createTime":"2025-10-04T21:32:18.474810Z"}
[debug] [2025-10-22T17:16:52.809Z] Checked if tokens are valid: true, expires at: 1761155918117
[debug] [2025-10-22T17:16:52.809Z] Checked if tokens are valid: true, expires at: 1761155918117
[debug] [2025-10-22T17:16:52.810Z] >>> [apiv2][query] POST https://cloudfunctions.googleapis.com/v1/projects/ceso-aphis-yuc/locations/us-central1/functions:generateUploadUrl [none]
[debug] [2025-10-22T17:16:52.813Z] >>> [apiv2][body] POST https://cloudfunctions.googleapis.com/v1/projects/ceso-aphis-yuc/locations/us-central1/functions:generateUploadUrl {}
[debug] [2025-10-22T17:16:53.303Z] <<< [apiv2][status] POST https://cloudfunctions.googleapis.com/v1/projects/ceso-aphis-yuc/locations/us-central1/functions:generateUploadUrl 200
[debug] [2025-10-22T17:16:53.303Z] <<< [apiv2][body] POST https://cloudfunctions.googleapis.com/v1/projects/ceso-aphis-yuc/locations/us-central1/functions:generateUploadUrl {"uploadUrl":"https://storage.googleapis.com/uploads-362328785189.us-central1.cloudfunctions.appspot.com/af29a0a1-40a4-4a40-bfe8-92bf3bbc0e1c.zip?GoogleAccessId=service-584773462235@gcf-admin-robot.iam.gserviceaccount.com&Expires=1761155215&Signature=CgIkfvJ%2Fqr8TTR%2BBUWNY%2BxvVnH8vBdOPuDyUrI1O%2FiscZAojfvBdxF7h8341a4VFRIOkh1UvK9rKksPOaZ1RzHvRpfjHfAJKW9hbgSrHClzw%2BM5hVwmVp0P50l7LmgAPunpdBRzAboO7tutU5p7WGgzUztCjpBtLE87Y9vFRczE0Ex%2FiNZYm%2BvsO6A%2F9Kf1XQ7G1rh2TfBvVwm4JBmH%2FF8MZ1k6w0C9BR9rJK2uERULtnJvYVYnB%2BgxgkNuPzubDCpLuHFyN%2FnTbD4XwT%2FHarosusi2isbU7HN%2BdtqrZ2B4nuiweseMknFyfmVD4sXD6EiWaTo%2BC3nHkxF%2Fv5JzgVQ%3D%3D"}
[debug] [2025-10-22T17:16:53.305Z] >>> [apiv2][query] PUT https://storage.googleapis.com/uploads-362328785189.us-central1.cloudfunctions.appspot.com/af29a0a1-40a4-4a40-bfe8-92bf3bbc0e1c.zip GoogleAccessId=service-584773462235%40gcf-admin-robot.iam.gserviceaccount.com&Expires=1761155215&Signature=CgIkfvJ%2Fqr8TTR%2BBUWNY%2BxvVnH8vBdOPuDyUrI1O%2FiscZAojfvBdxF7h8341a4VFRIOkh1UvK9rKksPOaZ1RzHvRpfjHfAJKW9hbgSrHClzw%2BM5hVwmVp0P50l7LmgAPunpdBRzAboO7tutU5p7WGgzUztCjpBtLE87Y9vFRczE0Ex%2FiNZYm%2BvsO6A%2F9Kf1XQ7G1rh2TfBvVwm4JBmH%2FF8MZ1k6w0C9BR9rJK2uERULtnJvYVYnB%2BgxgkNuPzubDCpLuHFyN%2FnTbD4XwT%2FHarosusi2isbU7HN%2BdtqrZ2B4nuiweseMknFyfmVD4sXD6EiWaTo%2BC3nHkxF%2Fv5JzgVQ%3D%3D
[debug] [2025-10-22T17:16:53.305Z] >>> [apiv2][body] PUT https://storage.googleapis.com/uploads-362328785189.us-central1.cloudfunctions.appspot.com/af29a0a1-40a4-4a40-bfe8-92bf3bbc0e1c.zip [stream]
[debug] [2025-10-22T17:16:53.694Z] <<< [apiv2][status] PUT https://storage.googleapis.com/uploads-362328785189.us-central1.cloudfunctions.appspot.com/af29a0a1-40a4-4a40-bfe8-92bf3bbc0e1c.zip 200
[debug] [2025-10-22T17:16:53.695Z] <<< [apiv2][body] PUT https://storage.googleapis.com/uploads-362328785189.us-central1.cloudfunctions.appspot.com/af29a0a1-40a4-4a40-bfe8-92bf3bbc0e1c.zip [omitted]
[info] +  functions: functions source uploaded successfully 
[info] i  functions: updating Node.js 18 (1st Gen) function adminUpload(us-central1)... 
[debug] [2025-10-22T17:16:53.706Z] Checked if tokens are valid: true, expires at: 1761155918117
[debug] [2025-10-22T17:16:53.706Z] Checked if tokens are valid: true, expires at: 1761155918117
[debug] [2025-10-22T17:16:53.707Z] >>> [apiv2][query] PATCH https://cloudfunctions.googleapis.com/v1/projects/ceso-aphis-yuc/locations/us-central1/functions/adminUpload updateMask=name%2CsourceUploadUrl%2CentryPoint%2Cruntime%2CdockerRegistry%2Clabels%2ChttpsTrigger.securityLevel%2CminInstances%2CmaxInstances%2CingressSettings%2CenvironmentVariables%2CserviceAccountEmail%2CavailableMemoryMb%2Ctimeout%2CvpcConnector%2CvpcConnectorEgressSettings%2CsourceToken%2CbuildEnvironmentVariables
[debug] [2025-10-22T17:16:53.707Z] >>> [apiv2][body] PATCH https://cloudfunctions.googleapis.com/v1/projects/ceso-aphis-yuc/locations/us-central1/functions/adminUpload {"name":"projects/ceso-aphis-yuc/locations/us-central1/functions/adminUpload","sourceUploadUrl":"https://storage.googleapis.com/uploads-362328785189.us-central1.cloudfunctions.appspot.com/af29a0a1-40a4-4a40-bfe8-92bf3bbc0e1c.zip?GoogleAccessId=service-584773462235@gcf-admin-robot.iam.gserviceaccount.com&Expires=1761155215&Signature=CgIkfvJ%2Fqr8TTR%2BBUWNY%2BxvVnH8vBdOPuDyUrI1O%2FiscZAojfvBdxF7h8341a4VFRIOkh1UvK9rKksPOaZ1RzHvRpfjHfAJKW9hbgSrHClzw%2BM5hVwmVp0P50l7LmgAPunpdBRzAboO7tutU5p7WGgzUztCjpBtLE87Y9vFRczE0Ex%2FiNZYm%2BvsO6A%2F9Kf1XQ7G1rh2TfBvVwm4JBmH%2FF8MZ1k6w0C9BR9rJK2uERULtnJvYVYnB%2BgxgkNuPzubDCpLuHFyN%2FnTbD4XwT%2FHarosusi2isbU7HN%2BdtqrZ2B4nuiweseMknFyfmVD4sXD6EiWaTo%2BC3nHkxF%2Fv5JzgVQ%3D%3D","entryPoint":"adminUpload","runtime":"nodejs18","dockerRegistry":"ARTIFACT_REGISTRY","labels":{"deployment-tool":"cli-firebase","firebase-functions-hash":"7fcfa1d8f37f57cdcce30d91187d70de7bc03e62"},"httpsTrigger":{"securityLevel":"SECURE_ALWAYS"},"minInstances":null,"maxInstances":null,"ingressSettings":null,"environmentVariables":{"FIREBASE_CONFIG":"{\"projectId\":\"ceso-aphis-yuc\",\"storageBucket\":\"ceso-aphis-yuc.firebasestorage.app\"}","GCLOUD_PROJECT":"ceso-aphis-yuc","EVENTARC_CLOUD_EVENT_SOURCE":"projects/ceso-aphis-yuc/locations/us-central1/functions/adminUpload"},"serviceAccountEmail":null,"availableMemoryMb":null,"timeout":null,"vpcConnector":null,"vpcConnectorEgressSettings":null,"buildEnvironmentVariables":{"GOOGLE_NODE_RUN_SCRIPTS":""}}
[debug] [2025-10-22T17:16:54.150Z] <<< [apiv2][status] PATCH https://cloudfunctions.googleapis.com/v1/projects/ceso-aphis-yuc/locations/us-central1/functions/adminUpload 200
[debug] [2025-10-22T17:16:54.150Z] <<< [apiv2][body] PATCH https://cloudfunctions.googleapis.com/v1/projects/ceso-aphis-yuc/locations/us-central1/functions/adminUpload {"name":"operations/Y2Vzby1hcGhpcy15dWMvdXMtY2VudHJhbDEvYWRtaW5VcGxvYWQvaWJ1VF9yMzhNZWc","metadata":{"@type":"type.googleapis.com/google.cloud.functions.v1.OperationMetadataV1","target":"projects/ceso-aphis-yuc/locations/us-central1/functions/adminUpload","type":"UPDATE_FUNCTION","request":{"@type":"type.googleapis.com/google.cloud.functions.v1.CloudFunction","name":"projects/ceso-aphis-yuc/locations/us-central1/functions/adminUpload","httpsTrigger":{"url":"https://us-central1-ceso-aphis-yuc.cloudfunctions.net/adminUpload","securityLevel":"SECURE_ALWAYS"},"status":"OFFLINE","entryPoint":"adminUpload","updateTime":"2025-10-22T17:07:28.872Z","versionId":"2","labels":{"deployment-tool":"cli-firebase","firebase-functions-hash":"7fcfa1d8f37f57cdcce30d91187d70de7bc03e62"},"sourceUploadUrl":"https://storage.googleapis.com/uploads-362328785189.us-central1.cloudfunctions.appspot.com/af29a0a1-40a4-4a40-bfe8-92bf3bbc0e1c.zip?GoogleAccessId=service-584773462235@gcf-admin-robot.iam.gserviceaccount.com&Expires=1761155215&Signature=CgIkfvJ%2Fqr8TTR%2BBUWNY%2BxvVnH8vBdOPuDyUrI1O%2FiscZAojfvBdxF7h8341a4VFRIOkh1UvK9rKksPOaZ1RzHvRpfjHfAJKW9hbgSrHClzw%2BM5hVwmVp0P50l7LmgAPunpdBRzAboO7tutU5p7WGgzUztCjpBtLE87Y9vFRczE0Ex%2FiNZYm%2BvsO6A%2F9Kf1XQ7G1rh2TfBvVwm4JBmH%2FF8MZ1k6w0C9BR9rJK2uERULtnJvYVYnB%2BgxgkNuPzubDCpLuHFyN%2FnTbD4XwT%2FHarosusi2isbU7HN%2BdtqrZ2B4nuiweseMknFyfmVD4sXD6EiWaTo%2BC3nHkxF%2Fv5JzgVQ%3D%3D","environmentVariables":{"FIREBASE_CONFIG":"{\"projectId\":\"ceso-aphis-yuc\",\"storageBucket\":\"ceso-aphis-yuc.firebasestorage.app\"}","GCLOUD_PROJECT":"ceso-aphis-yuc","EVENTARC_CLOUD_EVENT_SOURCE":"projects/ceso-aphis-yuc/locations/us-central1/functions/adminUpload"},"runtime":"nodejs18","buildId":"16f509af-5131-40c0-8b7c-0801502f0b86","buildEnvironmentVariables":{"GOOGLE_NODE_RUN_SCRIPTS":""},"buildName":"projects/584773462235/locations/us-central1/builds/16f509af-5131-40c0-8b7c-0801502f0b86","dockerRegistry":"ARTIFACT_REGISTRY","automaticUpdatePolicy":{},"buildServiceAccount":"projects/ceso-aphis-yuc/serviceAccounts/584773462235-compute@developer.gserviceaccount.com"},"versionId":"3","updateTime":"2025-10-22T17:16:56Z"}}
[debug] [2025-10-22T17:16:54.152Z] Checked if tokens are valid: true, expires at: 1761155918117
[debug] [2025-10-22T17:16:54.152Z] Checked if tokens are valid: true, expires at: 1761155918117
[debug] [2025-10-22T17:16:54.153Z] >>> [apiv2][query] GET https://cloudfunctions.googleapis.com/v1/operations/Y2Vzby1hcGhpcy15dWMvdXMtY2VudHJhbDEvYWRtaW5VcGxvYWQvaWJ1VF9yMzhNZWc [none]
[debug] [2025-10-22T17:16:54.333Z] <<< [apiv2][status] GET https://cloudfunctions.googleapis.com/v1/operations/Y2Vzby1hcGhpcy15dWMvdXMtY2VudHJhbDEvYWRtaW5VcGxvYWQvaWJ1VF9yMzhNZWc 200
[debug] [2025-10-22T17:16:54.334Z] <<< [apiv2][body] GET https://cloudfunctions.googleapis.com/v1/operations/Y2Vzby1hcGhpcy15dWMvdXMtY2VudHJhbDEvYWRtaW5VcGxvYWQvaWJ1VF9yMzhNZWc {"name":"operations/Y2Vzby1hcGhpcy15dWMvdXMtY2VudHJhbDEvYWRtaW5VcGxvYWQvaWJ1VF9yMzhNZWc","metadata":{"@type":"type.googleapis.com/google.cloud.functions.v1.OperationMetadataV1","target":"projects/ceso-aphis-yuc/locations/us-central1/functions/adminUpload","type":"UPDATE_FUNCTION","request":{"@type":"type.googleapis.com/google.cloud.functions.v1.CloudFunction","name":"projects/ceso-aphis-yuc/locations/us-central1/functions/adminUpload","httpsTrigger":{"url":"https://us-central1-ceso-aphis-yuc.cloudfunctions.net/adminUpload","securityLevel":"SECURE_ALWAYS"},"status":"OFFLINE","entryPoint":"adminUpload","updateTime":"2025-10-22T17:07:28.872Z","versionId":"2","labels":{"deployment-tool":"cli-firebase","firebase-functions-hash":"7fcfa1d8f37f57cdcce30d91187d70de7bc03e62"},"sourceUploadUrl":"https://storage.googleapis.com/uploads-362328785189.us-central1.cloudfunctions.appspot.com/af29a0a1-40a4-4a40-bfe8-92bf3bbc0e1c.zip?GoogleAccessId=service-584773462235@gcf-admin-robot.iam.gserviceaccount.com&Expires=1761155215&Signature=CgIkfvJ%2Fqr8TTR%2BBUWNY%2BxvVnH8vBdOPuDyUrI1O%2FiscZAojfvBdxF7h8341a4VFRIOkh1UvK9rKksPOaZ1RzHvRpfjHfAJKW9hbgSrHClzw%2BM5hVwmVp0P50l7LmgAPunpdBRzAboO7tutU5p7WGgzUztCjpBtLE87Y9vFRczE0Ex%2FiNZYm%2BvsO6A%2F9Kf1XQ7G1rh2TfBvVwm4JBmH%2FF8MZ1k6w0C9BR9rJK2uERULtnJvYVYnB%2BgxgkNuPzubDCpLuHFyN%2FnTbD4XwT%2FHarosusi2isbU7HN%2BdtqrZ2B4nuiweseMknFyfmVD4sXD6EiWaTo%2BC3nHkxF%2Fv5JzgVQ%3D%3D","environmentVariables":{"FIREBASE_CONFIG":"{\"projectId\":\"ceso-aphis-yuc\",\"storageBucket\":\"ceso-aphis-yuc.firebasestorage.app\"}","GCLOUD_PROJECT":"ceso-aphis-yuc","EVENTARC_CLOUD_EVENT_SOURCE":"projects/ceso-aphis-yuc/locations/us-central1/functions/adminUpload"},"runtime":"nodejs18","buildId":"16f509af-5131-40c0-8b7c-0801502f0b86","buildEnvironmentVariables":{"GOOGLE_NODE_RUN_SCRIPTS":""},"buildName":"projects/584773462235/locations/us-central1/builds/16f509af-5131-40c0-8b7c-0801502f0b86","dockerRegistry":"ARTIFACT_REGISTRY","automaticUpdatePolicy":{},"buildServiceAccount":"projects/ceso-aphis-yuc/serviceAccounts/584773462235-compute@developer.gserviceaccount.com"},"versionId":"3","updateTime":"2025-10-22T17:16:56Z"}}
[debug] [2025-10-22T17:16:54.840Z] [update-default-us-central1-adminUpload] Retrying task index 0
[debug] [2025-10-22T17:16:54.840Z] Checked if tokens are valid: true, expires at: 1761155918117
[debug] [2025-10-22T17:16:54.840Z] Checked if tokens are valid: true, expires at: 1761155918117
[debug] [2025-10-22T17:16:54.841Z] >>> [apiv2][query] GET https://cloudfunctions.googleapis.com/v1/operations/Y2Vzby1hcGhpcy15dWMvdXMtY2VudHJhbDEvYWRtaW5VcGxvYWQvaWJ1VF9yMzhNZWc [none]
[debug] [2025-10-22T17:16:55.002Z] <<< [apiv2][status] GET https://cloudfunctions.googleapis.com/v1/operations/Y2Vzby1hcGhpcy15dWMvdXMtY2VudHJhbDEvYWRtaW5VcGxvYWQvaWJ1VF9yMzhNZWc 200
[debug] [2025-10-22T17:16:55.002Z] <<< [apiv2][body] GET https://cloudfunctions.googleapis.com/v1/operations/Y2Vzby1hcGhpcy15dWMvdXMtY2VudHJhbDEvYWRtaW5VcGxvYWQvaWJ1VF9yMzhNZWc {"name":"operations/Y2Vzby1hcGhpcy15dWMvdXMtY2VudHJhbDEvYWRtaW5VcGxvYWQvaWJ1VF9yMzhNZWc","metadata":{"@type":"type.googleapis.com/google.cloud.functions.v1.OperationMetadataV1","target":"projects/ceso-aphis-yuc/locations/us-central1/functions/adminUpload","type":"UPDATE_FUNCTION","request":{"@type":"type.googleapis.com/google.cloud.functions.v1.CloudFunction","name":"projects/ceso-aphis-yuc/locations/us-central1/functions/adminUpload","httpsTrigger":{"url":"https://us-central1-ceso-aphis-yuc.cloudfunctions.net/adminUpload","securityLevel":"SECURE_ALWAYS"},"status":"OFFLINE","entryPoint":"adminUpload","updateTime":"2025-10-22T17:07:28.872Z","versionId":"2","labels":{"deployment-tool":"cli-firebase","firebase-functions-hash":"7fcfa1d8f37f57cdcce30d91187d70de7bc03e62"},"sourceUploadUrl":"https://storage.googleapis.com/uploads-362328785189.us-central1.cloudfunctions.appspot.com/af29a0a1-40a4-4a40-bfe8-92bf3bbc0e1c.zip?GoogleAccessId=service-584773462235@gcf-admin-robot.iam.gserviceaccount.com&Expires=1761155215&Signature=CgIkfvJ%2Fqr8TTR%2BBUWNY%2BxvVnH8vBdOPuDyUrI1O%2FiscZAojfvBdxF7h8341a4VFRIOkh1UvK9rKksPOaZ1RzHvRpfjHfAJKW9hbgSrHClzw%2BM5hVwmVp0P50l7LmgAPunpdBRzAboO7tutU5p7WGgzUztCjpBtLE87Y9vFRczE0Ex%2FiNZYm%2BvsO6A%2F9Kf1XQ7G1rh2TfBvVwm4JBmH%2FF8MZ1k6w0C9BR9rJK2uERULtnJvYVYnB%2BgxgkNuPzubDCpLuHFyN%2FnTbD4XwT%2FHarosusi2isbU7HN%2BdtqrZ2B4nuiweseMknFyfmVD4sXD6EiWaTo%2BC3nHkxF%2Fv5JzgVQ%3D%3D","environmentVariables":{"FIREBASE_CONFIG":"{\"projectId\":\"ceso-aphis-yuc\",\"storageBucket\":\"ceso-aphis-yuc.firebasestorage.app\"}","GCLOUD_PROJECT":"ceso-aphis-yuc","EVENTARC_CLOUD_EVENT_SOURCE":"projects/ceso-aphis-yuc/locations/us-central1/functions/adminUpload"},"runtime":"nodejs18","buildId":"16f509af-5131-40c0-8b7c-0801502f0b86","buildEnvironmentVariables":{"GOOGLE_NODE_RUN_SCRIPTS":""},"buildName":"projects/584773462235/locations/us-central1/builds/16f509af-5131-40c0-8b7c-0801502f0b86","dockerRegistry":"ARTIFACT_REGISTRY","automaticUpdatePolicy":{},"buildServiceAccount":"projects/ceso-aphis-yuc/serviceAccounts/584773462235-compute@developer.gserviceaccount.com"},"versionId":"3","updateTime":"2025-10-22T17:16:56Z","buildId":"ad6c5e12-31ba-451c-bf2e-da12584cd555","buildName":"projects/584773462235/locations/us-central1/builds/ad6c5e12-31ba-451c-bf2e-da12584cd555"}}
[debug] [2025-10-22T17:16:56.013Z] [update-default-us-central1-adminUpload] Retrying task index 0
[debug] [2025-10-22T17:16:56.014Z] Checked if tokens are valid: true, expires at: 1761155918117
[debug] [2025-10-22T17:16:56.014Z] Checked if tokens are valid: true, expires at: 1761155918117
[debug] [2025-10-22T17:16:56.014Z] >>> [apiv2][query] GET https://cloudfunctions.googleapis.com/v1/operations/Y2Vzby1hcGhpcy15dWMvdXMtY2VudHJhbDEvYWRtaW5VcGxvYWQvaWJ1VF9yMzhNZWc [none]
[debug] [2025-10-22T17:16:56.203Z] <<< [apiv2][status] GET https://cloudfunctions.googleapis.com/v1/operations/Y2Vzby1hcGhpcy15dWMvdXMtY2VudHJhbDEvYWRtaW5VcGxvYWQvaWJ1VF9yMzhNZWc 200
[debug] [2025-10-22T17:16:56.204Z] <<< [apiv2][body] GET https://cloudfunctions.googleapis.com/v1/operations/Y2Vzby1hcGhpcy15dWMvdXMtY2VudHJhbDEvYWRtaW5VcGxvYWQvaWJ1VF9yMzhNZWc {"name":"operations/Y2Vzby1hcGhpcy15dWMvdXMtY2VudHJhbDEvYWRtaW5VcGxvYWQvaWJ1VF9yMzhNZWc","metadata":{"@type":"type.googleapis.com/google.cloud.functions.v1.OperationMetadataV1","target":"projects/ceso-aphis-yuc/locations/us-central1/functions/adminUpload","type":"UPDATE_FUNCTION","request":{"@type":"type.googleapis.com/google.cloud.functions.v1.CloudFunction","name":"projects/ceso-aphis-yuc/locations/us-central1/functions/adminUpload","httpsTrigger":{"url":"https://us-central1-ceso-aphis-yuc.cloudfunctions.net/adminUpload","securityLevel":"SECURE_ALWAYS"},"status":"OFFLINE","entryPoint":"adminUpload","updateTime":"2025-10-22T17:07:28.872Z","versionId":"2","labels":{"deployment-tool":"cli-firebase","firebase-functions-hash":"7fcfa1d8f37f57cdcce30d91187d70de7bc03e62"},"sourceUploadUrl":"https://storage.googleapis.com/uploads-362328785189.us-central1.cloudfunctions.appspot.com/af29a0a1-40a4-4a40-bfe8-92bf3bbc0e1c.zip?GoogleAccessId=service-584773462235@gcf-admin-robot.iam.gserviceaccount.com&Expires=1761155215&Signature=CgIkfvJ%2Fqr8TTR%2BBUWNY%2BxvVnH8vBdOPuDyUrI1O%2FiscZAojfvBdxF7h8341a4VFRIOkh1UvK9rKksPOaZ1RzHvRpfjHfAJKW9hbgSrHClzw%2BM5hVwmVp0P50l7LmgAPunpdBRzAboO7tutU5p7WGgzUztCjpBtLE87Y9vFRczE0Ex%2FiNZYm%2BvsO6A%2F9Kf1XQ7G1rh2TfBvVwm4JBmH%2FF8MZ1k6w0C9BR9rJK2uERULtnJvYVYnB%2BgxgkNuPzubDCpLuHFyN%2FnTbD4XwT%2FHarosusi2isbU7HN%2BdtqrZ2B4nuiweseMknFyfmVD4sXD6EiWaTo%2BC3nHkxF%2Fv5JzgVQ%3D%3D","environmentVariables":{"FIREBASE_CONFIG":"{\"projectId\":\"ceso-aphis-yuc\",\"storageBucket\":\"ceso-aphis-yuc.firebasestorage.app\"}","GCLOUD_PROJECT":"ceso-aphis-yuc","EVENTARC_CLOUD_EVENT_SOURCE":"projects/ceso-aphis-yuc/locations/us-central1/functions/adminUpload"},"runtime":"nodejs18","buildId":"16f509af-5131-40c0-8b7c-0801502f0b86","buildEnvironmentVariables":{"GOOGLE_NODE_RUN_SCRIPTS":""},"buildName":"projects/584773462235/locations/us-central1/builds/16f509af-5131-40c0-8b7c-0801502f0b86","dockerRegistry":"ARTIFACT_REGISTRY","automaticUpdatePolicy":{},"buildServiceAccount":"projects/ceso-aphis-yuc/serviceAccounts/584773462235-compute@developer.gserviceaccount.com"},"versionId":"3","updateTime":"2025-10-22T17:16:56Z","buildId":"ad6c5e12-31ba-451c-bf2e-da12584cd555","buildName":"projects/584773462235/locations/us-central1/builds/ad6c5e12-31ba-451c-bf2e-da12584cd555"}}
[debug] [2025-10-22T17:16:58.217Z] [update-default-us-central1-adminUpload] Retrying task index 0
[debug] [2025-10-22T17:16:58.218Z] Checked if tokens are valid: true, expires at: 1761155918117
[debug] [2025-10-22T17:16:58.218Z] Checked if tokens are valid: true, expires at: 1761155918117
[debug] [2025-10-22T17:16:58.218Z] >>> [apiv2][query] GET https://cloudfunctions.googleapis.com/v1/operations/Y2Vzby1hcGhpcy15dWMvdXMtY2VudHJhbDEvYWRtaW5VcGxvYWQvaWJ1VF9yMzhNZWc [none]
[debug] [2025-10-22T17:16:58.385Z] <<< [apiv2][status] GET https://cloudfunctions.googleapis.com/v1/operations/Y2Vzby1hcGhpcy15dWMvdXMtY2VudHJhbDEvYWRtaW5VcGxvYWQvaWJ1VF9yMzhNZWc 200
[debug] [2025-10-22T17:16:58.385Z] <<< [apiv2][body] GET https://cloudfunctions.googleapis.com/v1/operations/Y2Vzby1hcGhpcy15dWMvdXMtY2VudHJhbDEvYWRtaW5VcGxvYWQvaWJ1VF9yMzhNZWc {"name":"operations/Y2Vzby1hcGhpcy15dWMvdXMtY2VudHJhbDEvYWRtaW5VcGxvYWQvaWJ1VF9yMzhNZWc","metadata":{"@type":"type.googleapis.com/google.cloud.functions.v1.OperationMetadataV1","target":"projects/ceso-aphis-yuc/locations/us-central1/functions/adminUpload","type":"UPDATE_FUNCTION","request":{"@type":"type.googleapis.com/google.cloud.functions.v1.CloudFunction","name":"projects/ceso-aphis-yuc/locations/us-central1/functions/adminUpload","httpsTrigger":{"url":"https://us-central1-ceso-aphis-yuc.cloudfunctions.net/adminUpload","securityLevel":"SECURE_ALWAYS"},"status":"OFFLINE","entryPoint":"adminUpload","updateTime":"2025-10-22T17:07:28.872Z","versionId":"2","labels":{"deployment-tool":"cli-firebase","firebase-functions-hash":"7fcfa1d8f37f57cdcce30d91187d70de7bc03e62"},"sourceUploadUrl":"https://storage.googleapis.com/uploads-362328785189.us-central1.cloudfunctions.appspot.com/af29a0a1-40a4-4a40-bfe8-92bf3bbc0e1c.zip?GoogleAccessId=service-584773462235@gcf-admin-robot.iam.gserviceaccount.com&Expires=1761155215&Signature=CgIkfvJ%2Fqr8TTR%2BBUWNY%2BxvVnH8vBdOPuDyUrI1O%2FiscZAojfvBdxF7h8341a4VFRIOkh1UvK9rKksPOaZ1RzHvRpfjHfAJKW9hbgSrHClzw%2BM5hVwmVp0P50l7LmgAPunpdBRzAboO7tutU5p7WGgzUztCjpBtLE87Y9vFRczE0Ex%2FiNZYm%2BvsO6A%2F9Kf1XQ7G1rh2TfBvVwm4JBmH%2FF8MZ1k6w0C9BR9rJK2uERULtnJvYVYnB%2BgxgkNuPzubDCpLuHFyN%2FnTbD4XwT%2FHarosusi2isbU7HN%2BdtqrZ2B4nuiweseMknFyfmVD4sXD6EiWaTo%2BC3nHkxF%2Fv5JzgVQ%3D%3D","environmentVariables":{"FIREBASE_CONFIG":"{\"projectId\":\"ceso-aphis-yuc\",\"storageBucket\":\"ceso-aphis-yuc.firebasestorage.app\"}","GCLOUD_PROJECT":"ceso-aphis-yuc","EVENTARC_CLOUD_EVENT_SOURCE":"projects/ceso-aphis-yuc/locations/us-central1/functions/adminUpload"},"runtime":"nodejs18","buildId":"16f509af-5131-40c0-8b7c-0801502f0b86","buildEnvironmentVariables":{"GOOGLE_NODE_RUN_SCRIPTS":""},"buildName":"projects/584773462235/locations/us-central1/builds/16f509af-5131-40c0-8b7c-0801502f0b86","dockerRegistry":"ARTIFACT_REGISTRY","automaticUpdatePolicy":{},"buildServiceAccount":"projects/ceso-aphis-yuc/serviceAccounts/584773462235-compute@developer.gserviceaccount.com"},"versionId":"3","updateTime":"2025-10-22T17:16:56Z","buildId":"ad6c5e12-31ba-451c-bf2e-da12584cd555","buildName":"projects/584773462235/locations/us-central1/builds/ad6c5e12-31ba-451c-bf2e-da12584cd555"}}
[debug] [2025-10-22T17:17:02.398Z] [update-default-us-central1-adminUpload] Retrying task index 0
[debug] [2025-10-22T17:17:02.400Z] Checked if tokens are valid: true, expires at: 1761155918117
[debug] [2025-10-22T17:17:02.401Z] Checked if tokens are valid: true, expires at: 1761155918117
[debug] [2025-10-22T17:17:02.401Z] >>> [apiv2][query] GET https://cloudfunctions.googleapis.com/v1/operations/Y2Vzby1hcGhpcy15dWMvdXMtY2VudHJhbDEvYWRtaW5VcGxvYWQvaWJ1VF9yMzhNZWc [none]
[debug] [2025-10-22T17:17:02.557Z] <<< [apiv2][status] GET https://cloudfunctions.googleapis.com/v1/operations/Y2Vzby1hcGhpcy15dWMvdXMtY2VudHJhbDEvYWRtaW5VcGxvYWQvaWJ1VF9yMzhNZWc 200
[debug] [2025-10-22T17:17:02.558Z] <<< [apiv2][body] GET https://cloudfunctions.googleapis.com/v1/operations/Y2Vzby1hcGhpcy15dWMvdXMtY2VudHJhbDEvYWRtaW5VcGxvYWQvaWJ1VF9yMzhNZWc {"name":"operations/Y2Vzby1hcGhpcy15dWMvdXMtY2VudHJhbDEvYWRtaW5VcGxvYWQvaWJ1VF9yMzhNZWc","metadata":{"@type":"type.googleapis.com/google.cloud.functions.v1.OperationMetadataV1","target":"projects/ceso-aphis-yuc/locations/us-central1/functions/adminUpload","type":"UPDATE_FUNCTION","request":{"@type":"type.googleapis.com/google.cloud.functions.v1.CloudFunction","name":"projects/ceso-aphis-yuc/locations/us-central1/functions/adminUpload","httpsTrigger":{"url":"https://us-central1-ceso-aphis-yuc.cloudfunctions.net/adminUpload","securityLevel":"SECURE_ALWAYS"},"status":"OFFLINE","entryPoint":"adminUpload","updateTime":"2025-10-22T17:07:28.872Z","versionId":"2","labels":{"deployment-tool":"cli-firebase","firebase-functions-hash":"7fcfa1d8f37f57cdcce30d91187d70de7bc03e62"},"sourceUploadUrl":"https://storage.googleapis.com/uploads-362328785189.us-central1.cloudfunctions.appspot.com/af29a0a1-40a4-4a40-bfe8-92bf3bbc0e1c.zip?GoogleAccessId=service-584773462235@gcf-admin-robot.iam.gserviceaccount.com&Expires=1761155215&Signature=CgIkfvJ%2Fqr8TTR%2BBUWNY%2BxvVnH8vBdOPuDyUrI1O%2FiscZAojfvBdxF7h8341a4VFRIOkh1UvK9rKksPOaZ1RzHvRpfjHfAJKW9hbgSrHClzw%2BM5hVwmVp0P50l7LmgAPunpdBRzAboO7tutU5p7WGgzUztCjpBtLE87Y9vFRczE0Ex%2FiNZYm%2BvsO6A%2F9Kf1XQ7G1rh2TfBvVwm4JBmH%2FF8MZ1k6w0C9BR9rJK2uERULtnJvYVYnB%2BgxgkNuPzubDCpLuHFyN%2FnTbD4XwT%2FHarosusi2isbU7HN%2BdtqrZ2B4nuiweseMknFyfmVD4sXD6EiWaTo%2BC3nHkxF%2Fv5JzgVQ%3D%3D","environmentVariables":{"FIREBASE_CONFIG":"{\"projectId\":\"ceso-aphis-yuc\",\"storageBucket\":\"ceso-aphis-yuc.firebasestorage.app\"}","GCLOUD_PROJECT":"ceso-aphis-yuc","EVENTARC_CLOUD_EVENT_SOURCE":"projects/ceso-aphis-yuc/locations/us-central1/functions/adminUpload"},"runtime":"nodejs18","buildId":"16f509af-5131-40c0-8b7c-0801502f0b86","buildEnvironmentVariables":{"GOOGLE_NODE_RUN_SCRIPTS":""},"buildName":"projects/584773462235/locations/us-central1/builds/16f509af-5131-40c0-8b7c-0801502f0b86","dockerRegistry":"ARTIFACT_REGISTRY","automaticUpdatePolicy":{},"buildServiceAccount":"projects/ceso-aphis-yuc/serviceAccounts/584773462235-compute@developer.gserviceaccount.com"},"versionId":"3","updateTime":"2025-10-22T17:16:56Z","buildId":"ad6c5e12-31ba-451c-bf2e-da12584cd555","buildName":"projects/584773462235/locations/us-central1/builds/ad6c5e12-31ba-451c-bf2e-da12584cd555"}}
[debug] [2025-10-22T17:17:10.559Z] [update-default-us-central1-adminUpload] Retrying task index 0
[debug] [2025-10-22T17:17:10.561Z] Checked if tokens are valid: true, expires at: 1761155918117
[debug] [2025-10-22T17:17:10.561Z] Checked if tokens are valid: true, expires at: 1761155918117
[debug] [2025-10-22T17:17:10.564Z] >>> [apiv2][query] GET https://cloudfunctions.googleapis.com/v1/operations/Y2Vzby1hcGhpcy15dWMvdXMtY2VudHJhbDEvYWRtaW5VcGxvYWQvaWJ1VF9yMzhNZWc [none]
[debug] [2025-10-22T17:17:10.826Z] <<< [apiv2][status] GET https://cloudfunctions.googleapis.com/v1/operations/Y2Vzby1hcGhpcy15dWMvdXMtY2VudHJhbDEvYWRtaW5VcGxvYWQvaWJ1VF9yMzhNZWc 200
[debug] [2025-10-22T17:17:10.827Z] <<< [apiv2][body] GET https://cloudfunctions.googleapis.com/v1/operations/Y2Vzby1hcGhpcy15dWMvdXMtY2VudHJhbDEvYWRtaW5VcGxvYWQvaWJ1VF9yMzhNZWc {"name":"operations/Y2Vzby1hcGhpcy15dWMvdXMtY2VudHJhbDEvYWRtaW5VcGxvYWQvaWJ1VF9yMzhNZWc","metadata":{"@type":"type.googleapis.com/google.cloud.functions.v1.OperationMetadataV1","target":"projects/ceso-aphis-yuc/locations/us-central1/functions/adminUpload","type":"UPDATE_FUNCTION","request":{"@type":"type.googleapis.com/google.cloud.functions.v1.CloudFunction","name":"projects/ceso-aphis-yuc/locations/us-central1/functions/adminUpload","httpsTrigger":{"url":"https://us-central1-ceso-aphis-yuc.cloudfunctions.net/adminUpload","securityLevel":"SECURE_ALWAYS"},"status":"OFFLINE","entryPoint":"adminUpload","updateTime":"2025-10-22T17:07:28.872Z","versionId":"2","labels":{"deployment-tool":"cli-firebase","firebase-functions-hash":"7fcfa1d8f37f57cdcce30d91187d70de7bc03e62"},"sourceUploadUrl":"https://storage.googleapis.com/uploads-362328785189.us-central1.cloudfunctions.appspot.com/af29a0a1-40a4-4a40-bfe8-92bf3bbc0e1c.zip?GoogleAccessId=service-584773462235@gcf-admin-robot.iam.gserviceaccount.com&Expires=1761155215&Signature=CgIkfvJ%2Fqr8TTR%2BBUWNY%2BxvVnH8vBdOPuDyUrI1O%2FiscZAojfvBdxF7h8341a4VFRIOkh1UvK9rKksPOaZ1RzHvRpfjHfAJKW9hbgSrHClzw%2BM5hVwmVp0P50l7LmgAPunpdBRzAboO7tutU5p7WGgzUztCjpBtLE87Y9vFRczE0Ex%2FiNZYm%2BvsO6A%2F9Kf1XQ7G1rh2TfBvVwm4JBmH%2FF8MZ1k6w0C9BR9rJK2uERULtnJvYVYnB%2BgxgkNuPzubDCpLuHFyN%2FnTbD4XwT%2FHarosusi2isbU7HN%2BdtqrZ2B4nuiweseMknFyfmVD4sXD6EiWaTo%2BC3nHkxF%2Fv5JzgVQ%3D%3D","environmentVariables":{"FIREBASE_CONFIG":"{\"projectId\":\"ceso-aphis-yuc\",\"storageBucket\":\"ceso-aphis-yuc.firebasestorage.app\"}","GCLOUD_PROJECT":"ceso-aphis-yuc","EVENTARC_CLOUD_EVENT_SOURCE":"projects/ceso-aphis-yuc/locations/us-central1/functions/adminUpload"},"runtime":"nodejs18","buildId":"16f509af-5131-40c0-8b7c-0801502f0b86","buildEnvironmentVariables":{"GOOGLE_NODE_RUN_SCRIPTS":""},"buildName":"projects/584773462235/locations/us-central1/builds/16f509af-5131-40c0-8b7c-0801502f0b86","dockerRegistry":"ARTIFACT_REGISTRY","automaticUpdatePolicy":{},"buildServiceAccount":"projects/ceso-aphis-yuc/serviceAccounts/584773462235-compute@developer.gserviceaccount.com"},"versionId":"3","updateTime":"2025-10-22T17:16:56Z","buildId":"ad6c5e12-31ba-451c-bf2e-da12584cd555","buildName":"projects/584773462235/locations/us-central1/builds/ad6c5e12-31ba-451c-bf2e-da12584cd555"}}
[debug] [2025-10-22T17:17:20.841Z] [update-default-us-central1-adminUpload] Retrying task index 0
[debug] [2025-10-22T17:17:20.841Z] Checked if tokens are valid: true, expires at: 1761155918117
[debug] [2025-10-22T17:17:20.841Z] Checked if tokens are valid: true, expires at: 1761155918117
[debug] [2025-10-22T17:17:20.841Z] >>> [apiv2][query] GET https://cloudfunctions.googleapis.com/v1/operations/Y2Vzby1hcGhpcy15dWMvdXMtY2VudHJhbDEvYWRtaW5VcGxvYWQvaWJ1VF9yMzhNZWc [none]
[debug] [2025-10-22T17:17:21.094Z] <<< [apiv2][status] GET https://cloudfunctions.googleapis.com/v1/operations/Y2Vzby1hcGhpcy15dWMvdXMtY2VudHJhbDEvYWRtaW5VcGxvYWQvaWJ1VF9yMzhNZWc 200
[debug] [2025-10-22T17:17:21.094Z] <<< [apiv2][body] GET https://cloudfunctions.googleapis.com/v1/operations/Y2Vzby1hcGhpcy15dWMvdXMtY2VudHJhbDEvYWRtaW5VcGxvYWQvaWJ1VF9yMzhNZWc {"name":"operations/Y2Vzby1hcGhpcy15dWMvdXMtY2VudHJhbDEvYWRtaW5VcGxvYWQvaWJ1VF9yMzhNZWc","metadata":{"@type":"type.googleapis.com/google.cloud.functions.v1.OperationMetadataV1","target":"projects/ceso-aphis-yuc/locations/us-central1/functions/adminUpload","type":"UPDATE_FUNCTION","request":{"@type":"type.googleapis.com/google.cloud.functions.v1.CloudFunction","name":"projects/ceso-aphis-yuc/locations/us-central1/functions/adminUpload","httpsTrigger":{"url":"https://us-central1-ceso-aphis-yuc.cloudfunctions.net/adminUpload","securityLevel":"SECURE_ALWAYS"},"status":"OFFLINE","entryPoint":"adminUpload","updateTime":"2025-10-22T17:07:28.872Z","versionId":"2","labels":{"deployment-tool":"cli-firebase","firebase-functions-hash":"7fcfa1d8f37f57cdcce30d91187d70de7bc03e62"},"sourceUploadUrl":"https://storage.googleapis.com/uploads-362328785189.us-central1.cloudfunctions.appspot.com/af29a0a1-40a4-4a40-bfe8-92bf3bbc0e1c.zip?GoogleAccessId=service-584773462235@gcf-admin-robot.iam.gserviceaccount.com&Expires=1761155215&Signature=CgIkfvJ%2Fqr8TTR%2BBUWNY%2BxvVnH8vBdOPuDyUrI1O%2FiscZAojfvBdxF7h8341a4VFRIOkh1UvK9rKksPOaZ1RzHvRpfjHfAJKW9hbgSrHClzw%2BM5hVwmVp0P50l7LmgAPunpdBRzAboO7tutU5p7WGgzUztCjpBtLE87Y9vFRczE0Ex%2FiNZYm%2BvsO6A%2F9Kf1XQ7G1rh2TfBvVwm4JBmH%2FF8MZ1k6w0C9BR9rJK2uERULtnJvYVYnB%2BgxgkNuPzubDCpLuHFyN%2FnTbD4XwT%2FHarosusi2isbU7HN%2BdtqrZ2B4nuiweseMknFyfmVD4sXD6EiWaTo%2BC3nHkxF%2Fv5JzgVQ%3D%3D","environmentVariables":{"FIREBASE_CONFIG":"{\"projectId\":\"ceso-aphis-yuc\",\"storageBucket\":\"ceso-aphis-yuc.firebasestorage.app\"}","GCLOUD_PROJECT":"ceso-aphis-yuc","EVENTARC_CLOUD_EVENT_SOURCE":"projects/ceso-aphis-yuc/locations/us-central1/functions/adminUpload"},"runtime":"nodejs18","buildId":"16f509af-5131-40c0-8b7c-0801502f0b86","buildEnvironmentVariables":{"GOOGLE_NODE_RUN_SCRIPTS":""},"buildName":"projects/584773462235/locations/us-central1/builds/16f509af-5131-40c0-8b7c-0801502f0b86","dockerRegistry":"ARTIFACT_REGISTRY","automaticUpdatePolicy":{},"buildServiceAccount":"projects/ceso-aphis-yuc/serviceAccounts/584773462235-compute@developer.gserviceaccount.com"},"versionId":"3","updateTime":"2025-10-22T17:16:56Z","buildId":"ad6c5e12-31ba-451c-bf2e-da12584cd555","buildName":"projects/584773462235/locations/us-central1/builds/ad6c5e12-31ba-451c-bf2e-da12584cd555"}}
[debug] [2025-10-22T17:17:31.097Z] [update-default-us-central1-adminUpload] Retrying task index 0
[debug] [2025-10-22T17:17:31.098Z] Checked if tokens are valid: true, expires at: 1761155918117
[debug] [2025-10-22T17:17:31.098Z] Checked if tokens are valid: true, expires at: 1761155918117
[debug] [2025-10-22T17:17:31.098Z] >>> [apiv2][query] GET https://cloudfunctions.googleapis.com/v1/operations/Y2Vzby1hcGhpcy15dWMvdXMtY2VudHJhbDEvYWRtaW5VcGxvYWQvaWJ1VF9yMzhNZWc [none]
[debug] [2025-10-22T17:17:31.349Z] <<< [apiv2][status] GET https://cloudfunctions.googleapis.com/v1/operations/Y2Vzby1hcGhpcy15dWMvdXMtY2VudHJhbDEvYWRtaW5VcGxvYWQvaWJ1VF9yMzhNZWc 200
[debug] [2025-10-22T17:17:31.349Z] <<< [apiv2][body] GET https://cloudfunctions.googleapis.com/v1/operations/Y2Vzby1hcGhpcy15dWMvdXMtY2VudHJhbDEvYWRtaW5VcGxvYWQvaWJ1VF9yMzhNZWc {"name":"operations/Y2Vzby1hcGhpcy15dWMvdXMtY2VudHJhbDEvYWRtaW5VcGxvYWQvaWJ1VF9yMzhNZWc","metadata":{"@type":"type.googleapis.com/google.cloud.functions.v1.OperationMetadataV1","target":"projects/ceso-aphis-yuc/locations/us-central1/functions/adminUpload","type":"UPDATE_FUNCTION","request":{"@type":"type.googleapis.com/google.cloud.functions.v1.CloudFunction","name":"projects/ceso-aphis-yuc/locations/us-central1/functions/adminUpload","httpsTrigger":{"url":"https://us-central1-ceso-aphis-yuc.cloudfunctions.net/adminUpload","securityLevel":"SECURE_ALWAYS"},"status":"OFFLINE","entryPoint":"adminUpload","updateTime":"2025-10-22T17:07:28.872Z","versionId":"2","labels":{"deployment-tool":"cli-firebase","firebase-functions-hash":"7fcfa1d8f37f57cdcce30d91187d70de7bc03e62"},"sourceUploadUrl":"https://storage.googleapis.com/uploads-362328785189.us-central1.cloudfunctions.appspot.com/af29a0a1-40a4-4a40-bfe8-92bf3bbc0e1c.zip?GoogleAccessId=service-584773462235@gcf-admin-robot.iam.gserviceaccount.com&Expires=1761155215&Signature=CgIkfvJ%2Fqr8TTR%2BBUWNY%2BxvVnH8vBdOPuDyUrI1O%2FiscZAojfvBdxF7h8341a4VFRIOkh1UvK9rKksPOaZ1RzHvRpfjHfAJKW9hbgSrHClzw%2BM5hVwmVp0P50l7LmgAPunpdBRzAboO7tutU5p7WGgzUztCjpBtLE87Y9vFRczE0Ex%2FiNZYm%2BvsO6A%2F9Kf1XQ7G1rh2TfBvVwm4JBmH%2FF8MZ1k6w0C9BR9rJK2uERULtnJvYVYnB%2BgxgkNuPzubDCpLuHFyN%2FnTbD4XwT%2FHarosusi2isbU7HN%2BdtqrZ2B4nuiweseMknFyfmVD4sXD6EiWaTo%2BC3nHkxF%2Fv5JzgVQ%3D%3D","environmentVariables":{"FIREBASE_CONFIG":"{\"projectId\":\"ceso-aphis-yuc\",\"storageBucket\":\"ceso-aphis-yuc.firebasestorage.app\"}","GCLOUD_PROJECT":"ceso-aphis-yuc","EVENTARC_CLOUD_EVENT_SOURCE":"projects/ceso-aphis-yuc/locations/us-central1/functions/adminUpload"},"runtime":"nodejs18","buildId":"16f509af-5131-40c0-8b7c-0801502f0b86","buildEnvironmentVariables":{"GOOGLE_NODE_RUN_SCRIPTS":""},"buildName":"projects/584773462235/locations/us-central1/builds/16f509af-5131-40c0-8b7c-0801502f0b86","dockerRegistry":"ARTIFACT_REGISTRY","automaticUpdatePolicy":{},"buildServiceAccount":"projects/ceso-aphis-yuc/serviceAccounts/584773462235-compute@developer.gserviceaccount.com"},"versionId":"3","updateTime":"2025-10-22T17:16:56Z","buildId":"ad6c5e12-31ba-451c-bf2e-da12584cd555","buildName":"projects/584773462235/locations/us-central1/builds/ad6c5e12-31ba-451c-bf2e-da12584cd555"}}
[debug] [2025-10-22T17:17:41.381Z] [update-default-us-central1-adminUpload] Retrying task index 0
[debug] [2025-10-22T17:17:41.382Z] Checked if tokens are valid: true, expires at: 1761155918117
[debug] [2025-10-22T17:17:41.382Z] Checked if tokens are valid: true, expires at: 1761155918117
[debug] [2025-10-22T17:17:41.382Z] >>> [apiv2][query] GET https://cloudfunctions.googleapis.com/v1/operations/Y2Vzby1hcGhpcy15dWMvdXMtY2VudHJhbDEvYWRtaW5VcGxvYWQvaWJ1VF9yMzhNZWc [none]
[debug] [2025-10-22T17:17:41.891Z] <<< [apiv2][status] GET https://cloudfunctions.googleapis.com/v1/operations/Y2Vzby1hcGhpcy15dWMvdXMtY2VudHJhbDEvYWRtaW5VcGxvYWQvaWJ1VF9yMzhNZWc 200
[debug] [2025-10-22T17:17:41.891Z] <<< [apiv2][body] GET https://cloudfunctions.googleapis.com/v1/operations/Y2Vzby1hcGhpcy15dWMvdXMtY2VudHJhbDEvYWRtaW5VcGxvYWQvaWJ1VF9yMzhNZWc {"name":"operations/Y2Vzby1hcGhpcy15dWMvdXMtY2VudHJhbDEvYWRtaW5VcGxvYWQvaWJ1VF9yMzhNZWc","metadata":{"@type":"type.googleapis.com/google.cloud.functions.v1.OperationMetadataV1","target":"projects/ceso-aphis-yuc/locations/us-central1/functions/adminUpload","type":"UPDATE_FUNCTION","request":{"@type":"type.googleapis.com/google.cloud.functions.v1.CloudFunction","name":"projects/ceso-aphis-yuc/locations/us-central1/functions/adminUpload","httpsTrigger":{"url":"https://us-central1-ceso-aphis-yuc.cloudfunctions.net/adminUpload","securityLevel":"SECURE_ALWAYS"},"status":"OFFLINE","entryPoint":"adminUpload","updateTime":"2025-10-22T17:07:28.872Z","versionId":"2","labels":{"deployment-tool":"cli-firebase","firebase-functions-hash":"7fcfa1d8f37f57cdcce30d91187d70de7bc03e62"},"sourceUploadUrl":"https://storage.googleapis.com/uploads-362328785189.us-central1.cloudfunctions.appspot.com/af29a0a1-40a4-4a40-bfe8-92bf3bbc0e1c.zip?GoogleAccessId=service-584773462235@gcf-admin-robot.iam.gserviceaccount.com&Expires=1761155215&Signature=CgIkfvJ%2Fqr8TTR%2BBUWNY%2BxvVnH8vBdOPuDyUrI1O%2FiscZAojfvBdxF7h8341a4VFRIOkh1UvK9rKksPOaZ1RzHvRpfjHfAJKW9hbgSrHClzw%2BM5hVwmVp0P50l7LmgAPunpdBRzAboO7tutU5p7WGgzUztCjpBtLE87Y9vFRczE0Ex%2FiNZYm%2BvsO6A%2F9Kf1XQ7G1rh2TfBvVwm4JBmH%2FF8MZ1k6w0C9BR9rJK2uERULtnJvYVYnB%2BgxgkNuPzubDCpLuHFyN%2FnTbD4XwT%2FHarosusi2isbU7HN%2BdtqrZ2B4nuiweseMknFyfmVD4sXD6EiWaTo%2BC3nHkxF%2Fv5JzgVQ%3D%3D","environmentVariables":{"FIREBASE_CONFIG":"{\"projectId\":\"ceso-aphis-yuc\",\"storageBucket\":\"ceso-aphis-yuc.firebasestorage.app\"}","GCLOUD_PROJECT":"ceso-aphis-yuc","EVENTARC_CLOUD_EVENT_SOURCE":"projects/ceso-aphis-yuc/locations/us-central1/functions/adminUpload"},"runtime":"nodejs18","buildId":"16f509af-5131-40c0-8b7c-0801502f0b86","buildEnvironmentVariables":{"GOOGLE_NODE_RUN_SCRIPTS":""},"buildName":"projects/584773462235/locations/us-central1/builds/16f509af-5131-40c0-8b7c-0801502f0b86","dockerRegistry":"ARTIFACT_REGISTRY","automaticUpdatePolicy":{},"buildServiceAccount":"projects/ceso-aphis-yuc/serviceAccounts/584773462235-compute@developer.gserviceaccount.com"},"versionId":"3","updateTime":"2025-10-22T17:16:56Z","buildId":"ad6c5e12-31ba-451c-bf2e-da12584cd555","buildName":"projects/584773462235/locations/us-central1/builds/ad6c5e12-31ba-451c-bf2e-da12584cd555"}}
[debug] [2025-10-22T17:17:51.894Z] [update-default-us-central1-adminUpload] Retrying task index 0
[debug] [2025-10-22T17:17:51.895Z] Checked if tokens are valid: true, expires at: 1761155918117
[debug] [2025-10-22T17:17:51.895Z] Checked if tokens are valid: true, expires at: 1761155918117
[debug] [2025-10-22T17:17:51.895Z] >>> [apiv2][query] GET https://cloudfunctions.googleapis.com/v1/operations/Y2Vzby1hcGhpcy15dWMvdXMtY2VudHJhbDEvYWRtaW5VcGxvYWQvaWJ1VF9yMzhNZWc [none]
[debug] [2025-10-22T17:17:52.214Z] <<< [apiv2][status] GET https://cloudfunctions.googleapis.com/v1/operations/Y2Vzby1hcGhpcy15dWMvdXMtY2VudHJhbDEvYWRtaW5VcGxvYWQvaWJ1VF9yMzhNZWc 200
[debug] [2025-10-22T17:17:52.214Z] <<< [apiv2][body] GET https://cloudfunctions.googleapis.com/v1/operations/Y2Vzby1hcGhpcy15dWMvdXMtY2VudHJhbDEvYWRtaW5VcGxvYWQvaWJ1VF9yMzhNZWc {"name":"operations/Y2Vzby1hcGhpcy15dWMvdXMtY2VudHJhbDEvYWRtaW5VcGxvYWQvaWJ1VF9yMzhNZWc","metadata":{"@type":"type.googleapis.com/google.cloud.functions.v1.OperationMetadataV1","target":"projects/ceso-aphis-yuc/locations/us-central1/functions/adminUpload","type":"UPDATE_FUNCTION","request":{"@type":"type.googleapis.com/google.cloud.functions.v1.CloudFunction","name":"projects/ceso-aphis-yuc/locations/us-central1/functions/adminUpload","httpsTrigger":{"url":"https://us-central1-ceso-aphis-yuc.cloudfunctions.net/adminUpload","securityLevel":"SECURE_ALWAYS"},"status":"OFFLINE","entryPoint":"adminUpload","updateTime":"2025-10-22T17:07:28.872Z","versionId":"2","labels":{"deployment-tool":"cli-firebase","firebase-functions-hash":"7fcfa1d8f37f57cdcce30d91187d70de7bc03e62"},"sourceUploadUrl":"https://storage.googleapis.com/uploads-362328785189.us-central1.cloudfunctions.appspot.com/af29a0a1-40a4-4a40-bfe8-92bf3bbc0e1c.zip?GoogleAccessId=service-584773462235@gcf-admin-robot.iam.gserviceaccount.com&Expires=1761155215&Signature=CgIkfvJ%2Fqr8TTR%2BBUWNY%2BxvVnH8vBdOPuDyUrI1O%2FiscZAojfvBdxF7h8341a4VFRIOkh1UvK9rKksPOaZ1RzHvRpfjHfAJKW9hbgSrHClzw%2BM5hVwmVp0P50l7LmgAPunpdBRzAboO7tutU5p7WGgzUztCjpBtLE87Y9vFRczE0Ex%2FiNZYm%2BvsO6A%2F9Kf1XQ7G1rh2TfBvVwm4JBmH%2FF8MZ1k6w0C9BR9rJK2uERULtnJvYVYnB%2BgxgkNuPzubDCpLuHFyN%2FnTbD4XwT%2FHarosusi2isbU7HN%2BdtqrZ2B4nuiweseMknFyfmVD4sXD6EiWaTo%2BC3nHkxF%2Fv5JzgVQ%3D%3D","environmentVariables":{"FIREBASE_CONFIG":"{\"projectId\":\"ceso-aphis-yuc\",\"storageBucket\":\"ceso-aphis-yuc.firebasestorage.app\"}","GCLOUD_PROJECT":"ceso-aphis-yuc","EVENTARC_CLOUD_EVENT_SOURCE":"projects/ceso-aphis-yuc/locations/us-central1/functions/adminUpload"},"runtime":"nodejs18","buildId":"16f509af-5131-40c0-8b7c-0801502f0b86","buildEnvironmentVariables":{"GOOGLE_NODE_RUN_SCRIPTS":""},"buildName":"projects/584773462235/locations/us-central1/builds/16f509af-5131-40c0-8b7c-0801502f0b86","dockerRegistry":"ARTIFACT_REGISTRY","automaticUpdatePolicy":{},"buildServiceAccount":"projects/ceso-aphis-yuc/serviceAccounts/584773462235-compute@developer.gserviceaccount.com"},"versionId":"3","updateTime":"2025-10-22T17:17:54Z","buildId":"ad6c5e12-31ba-451c-bf2e-da12584cd555","buildName":"projects/584773462235/locations/us-central1/builds/ad6c5e12-31ba-451c-bf2e-da12584cd555"},"done":true,"error":{"code":3,"message":"Build failed: npm error code EUSAGE\nnpm error\nnpm error `npm ci` can only install packages when your package.json and package-lock.json or npm-shrinkwrap.json are in sync. Please update your lock file with `npm install` before continuing.\nnpm error\nnpm error Missing: jest@30.2.0 from lock file\nnpm error Missing: @jest/core@30.2.0 from lock file\nnpm error Missing: @jest/types@30.2.0 from lock file\nnpm error Missing: import-local@3.2.0 from lock file\nnpm error Missing: jest-cli@30.2.0 from lock file\nnpm error Missing: @jest/console@30.2.0 from lock file\nnpm error Missing: @jest/pattern@30.0.1 from lock file\nnpm error Missing: @jest/reporters@30.2.0 from lock file\nnpm error Missing: @jest/test-result@30.2.0 from lock file\nnpm error Missing: @jest/transform@30.2.0 from lock file\nnpm error Missing: ansi-escapes@4.3.2 from lock file\nnpm error Missing: ci-info@4.3.1 from lock file\nnpm error Missing: exit-x@0.2.2 from lock file\nnpm error Missing: graceful-fs@4.2.11 from lock file\nnpm error Missing: jest-changed-files@30.2.0 from lock file\nnpm error Missing: jest-config@30.2.0 from lock file\nnpm error Missing: jest-haste-map@30.2.0 from lock file\nnpm error Missing: jest-message-util@30.2.0 from lock file\nnpm error Missing: jest-regex-util@30.0.1 from lock file\nnpm error Missing: jest-resolve@30.2.0 from lock file\nnpm error Missing: jest-resolve-dependencies@30.2.0 from lock file\nnpm error Missing: jest-runner@30.2.0 from lock file\nnpm error Missing: jest-runtime@30.2.0 from lock file\nnpm error Missing: jest-snapshot@30.2.0 from lock file\nnpm error Missing: jest-util@30.2.0 from lock file\nnpm error Missing: jest-validate@30.2.0 from lock file\nnpm error Missing: jest-watcher@30.2.0 from lock file\nnpm error Missing: micromatch@4.0.8 from lock file\nnpm error Missing: pretty-format@30.2.0 from lock file\nnpm error Missing: slash@3.0.0 from lock file\nnpm error Missing: @bcoe/v8-coverage@0.2.3 from lock file\nnpm error Missing: @jridgewell/trace-mapping@0.3.31 from lock file\nnpm error Missing: collect-v8-coverage@1.0.3 from lock file\nnpm error Missing: glob@10.4.5 from lock file\nnpm error Missing: istanbul-lib-coverage@3.2.2 from lock file\nnpm error Missing: istanbul-lib-instrument@6.0.3 from lock file\nnpm error Missing: istanbul-lib-report@3.0.1 from lock file\nnpm error Missing: istanbul-lib-source-maps@5.0.6 from lock file\nnpm error Missing: istanbul-reports@3.2.0 from lock file\nnpm error Missing: jest-worker@30.2.0 from lock file\nnpm error Missing: string-length@4.0.2 from lock file\nnpm error Missing: v8-to-istanbul@9.3.0 from lock file\nnpm error Missing: @types/istanbul-lib-coverage@2.0.6 from lock file\nnpm error Missing: @babel/core@7.28.4 from lock file\nnpm error Missing: babel-plugin-istanbul@7.0.1 from lock file\nnpm error Missing: convert-source-map@2.0.0 from lock file\nnpm error Missing: pirates@4.0.7 from lock file\nnpm error Missing: write-file-atomic@5.0.1 from lock file\nnpm error Missing: @babel/code-frame@7.27.1 from lock file\nnpm error Missing: @babel/generator@7.28.3 from lock file\nnpm error Missing: @babel/helper-compilation-targets@7.27.2 from lock file\nnpm error Missing: @babel/helper-module-transforms@7.28.3 from lock file\nnpm error Missing: @babel/helpers@7.28.4 from lock file\nnpm error Missing: @babel/parser@7.28.4 from lock file\nnpm error Missing: @babel/template@7.27.2 from lock file\nnpm error Missing: @babel/traverse@7.28.4 from lock file\nnpm error Missing: @babel/types@7.28.4 from lock file\nnpm error Missing: @jridgewell/remapping@2.3.5 from lock file\nnpm error Missing: gensync@1.0.0-beta.2 from lock file\nnpm error Missing: json5@2.2.3 from lock file\nnpm error Missing: semver@6.3.1 from lock file\nnpm error Missing: @babel/helper-validator-identifier@7.27.1 from lock file\nnpm error Missing: js-tokens@4.0.0 from lock file\nnpm error Missing: picocolors@1.1.1 from lock file\nnpm error Missing: @jridgewell/gen-mapping@0.3.13 from lock file\nnpm error Missing: jsesc@3.1.0 from lock file\nnpm error Missing: @babel/compat-data@7.28.4 from lock file\nnpm error Missing: @babel/helper-validator-option@7.27.1 from lock file\nnpm error Missing: browserslist@4.27.0 from lock file\nnpm error Missing: lru-cache@5.1.1 from lock file\nnpm error Missing: @babel/helper-module-imports@7.27.1 from lock file\nnpm error Missing: @babel/helper-globals@7.28.0 from lock file\nnpm error Missing: @babel/helper-string-parser@7.27.1 from lock file\nnpm error Missing: @jest/schemas@30.0.5 from lock file\nnpm error Missing: @types/istanbul-reports@3.0.4 from lock file\nnpm error Missing: @types/yargs@17.0.33 from lock file\nnpm error Missing: @sinclair/typebox@0.34.41 from lock file\nnpm error Missing: @jridgewell/sourcemap-codec@1.5.5 from lock file\nnpm error Missing: @jridgewell/resolve-uri@3.1.2 from lock file\nnpm error Missing: @types/istanbul-lib-report@3.0.3 from lock file\nnpm error Missing: @types/yargs-parser@21.0.3 from lock file\nnpm error Missing: type-fest@0.21.3 from lock file\nnpm error Missing: @babel/helper-plugin-utils@7.27.1 from lock file\nnpm error Missing: @istanbuljs/load-nyc-config@1.1.0 from lock file\nnpm error Missing: @istanbuljs/schema@0.1.3 from lock file\nnpm error Missing: test-exclude@6.0.0 from lock file\nnpm error Missing: camelcase@5.3.1 from lock file\nnpm error Missing: find-up@4.1.0 from lock file\nnpm error Missing: get-package-type@0.1.0 from lock file\nnpm error Missing: js-yaml@3.14.1 from lock file\nnpm error Missing: resolve-from@5.0.0 from lock file\nnpm error Missing: baseline-browser-mapping@2.8.19 from lock file\nnpm error Missing: caniuse-lite@1.0.30001751 from lock file\nnpm error Missing: electron-to-chromium@1.5.238 from lock file\nnpm error Missing: node-releases@2.0.26 from lock file\nnpm error Missing: update-browserslist-db@1.1.4 from lock file\nnpm error Missing: foreground-child@3.3.1 from lock file\nnpm error Missing: jackspeak@3.4.3 from lock file\nnpm error Missing: minimatch@9.0.5 from lock file\nnpm error Missing: minipass@7.1.2 from lock file\nnpm error Missing: package-json-from-dist@1.0.1 from lock file\nnpm error Missing: path-scurry@1.11.1 from lock file\nnpm error Missing: signal-exit@4.1.0 from lock file\nnpm error Missing: pkg-dir@4.2.0 from lock file\nnpm error Missing: resolve-cwd@3.0.0 from lock file\nnpm error Missing: semver@7.7.3 from lock file\nnpm error Missing: make-dir@4.0.0 from lock file\nnpm error Missing: html-escaper@2.0.2 from lock file\nnpm error Missing: @isaacs/cliui@8.0.2 from lock file\nnpm error Missing: @pkgjs/parseargs@0.11.0 from lock file\nnpm error Missing: string-width@5.1.2 from lock file\nnpm error Missing: string-width-cjs@4.2.3 from lock file\nnpm error Missing: strip-ansi@7.1.2 from lock file\nnpm error Missing: strip-ansi-cjs@6.0.1 from lock file\nnpm error Missing: wrap-ansi@8.1.0 from lock file\nnpm error Missing: wrap-ansi-cjs@7.0.0 from lock file\nnpm error Missing: execa@5.1.1 from lock file\nnpm error Missing: get-stream@6.0.1 from lock file\nnpm error Missing: human-signals@2.1.0 from lock file\nnpm error Missing: merge-stream@2.0.0 from lock file\nnpm error Missing: npm-run-path@4.0.1 from lock file\nnpm error Missing: onetime@5.1.2 from lock file\nnpm error Missing: signal-exit@3.0.7 from lock file\nnpm error Missing: strip-final-newline@2.0.0 from lock file\nnpm error Missing: @jest/get-type@30.1.0 from lock file\nnpm error Missing: @jest/test-sequencer@30.2.0 from lock file\nnpm error Missing: babel-jest@30.2.0 from lock file\nnpm error Missing: deepmerge@4.3.1 from lock file\nnpm error Missing: jest-circus@30.2.0 from lock file\nnpm error Missing: jest-docblock@30.2.0 from lock file\nnpm error Missing: jest-environment-node@30.2.0 from lock file\nnpm error Missing: parse-json@5.2.0 from lock file\nnpm error Missing: @types/babel__core@7.20.5 from lock file\nnpm error Missing: babel-preset-jest@30.2.0 from lock file\nnpm error Missing: @types/babel__generator@7.27.0 from lock file\nnpm error Missing: @types/babel__template@7.4.4 from lock file\nnpm error Missing: @types/babel__traverse@7.28.0 from lock file\nnpm error Missing: babel-plugin-jest-hoist@30.2.0 from lock file\nnpm error Missing: babel-preset-current-node-syntax@1.2.0 from lock file\nnpm error Missing: @babel/plugin-syntax-async-generators@7.8.4 from lock file\nnpm error Missing: @babel/plugin-syntax-bigint@7.8.3 from lock file\nnpm error Missing: @babel/plugin-syntax-class-properties@7.12.13 from lock file\nnpm error Missing: @babel/plugin-syntax-class-static-block@7.14.5 from lock file\nnpm error Missing: @babel/plugin-syntax-import-attributes@7.27.1 from lock file\nnpm error Missing: @babel/plugin-syntax-import-meta@7.10.4 from lock file\nnpm error Missing: @babel/plugin-syntax-json-strings@7.8.3 from lock file\nnpm error Missing: @babel/plugin-syntax-logical-assignment-operators@7.10.4 from lock file\nnpm error Missing: @babel/plugin-syntax-nullish-coalescing-operator@7.8.3 from lock file\nnpm error Missing: @babel/plugin-syntax-numeric-separator@7.10.4 from lock file\nnpm error Missing: @babel/plugin-syntax-object-rest-spread@7.8.3 from lock file\nnpm error Missing: @babel/plugin-syntax-optional-catch-binding@7.8.3 from lock file\nnpm error Missing: @babel/plugin-syntax-optional-chaining@7.8.3 from lock file\nnpm error Missing: @babel/plugin-syntax-private-property-in-object@7.14.5 from lock file\nnpm error Missing: @babel/plugin-syntax-top-level-await@7.14.5 from lock file\nnpm error Missing: @jest/environment@30.2.0 from lock file\nnpm error Missing: @jest/expect@30.2.0 from lock file\nnpm error Missing: co@4.6.0 from lock file\nnpm error Missing: dedent@1.7.0 from lock file\nnpm error Missing: is-generator-fn@2.1.0 from lock file\nnpm error Missing: jest-each@30.2.0 from lock file\nnpm error Missing: jest-matcher-utils@30.2.0 from lock file\nnpm error Missing: pure-rand@7.0.1 from lock file\nnpm error Missing: stack-utils@2.0.6 from lock file\nnpm error Missing: @jest/fake-timers@30.2.0 from lock file\nnpm error Missing: jest-mock@30.2.0 from lock file\nnpm error Missing: expect@30.2.0 from lock file\nnpm error Missing: @sinonjs/fake-timers@13.0.5 from lock file\nnpm error Missing: @sinonjs/commons@3.0.1 from lock file\nnpm error Missing: type-detect@4.0.8 from lock file\nnpm error Missing: @jest/expect-utils@30.2.0 from lock file\nnpm error Missing: detect-newline@3.1.0 from lock file\nnpm error Missing: anymatch@3.1.3 from lock file\nnpm error Missing: fb-watchman@2.0.2 from lock file\nnpm error Missing: fsevents@2.3.3 from lock file\nnpm error Missing: walker@1.0.8 from lock file\nnpm error Missing: normalize-path@3.0.0 from lock file\nnpm error Missing: picomatch@2.3.1 from lock file\nnpm error Missing: bser@2.1.1 from lock file\nnpm error Missing: node-int64@0.4.0 from lock file\nnpm error Missing: jest-diff@30.2.0 from lock file\nnpm error Missing: @jest/diff-sequences@30.0.1 from lock file\nnpm error Missing: @types/stack-utils@2.0.3 from lock file\nnpm error Missing: jest-pnp-resolver@1.2.3 from lock file\nnpm error Missing: unrs-resolver@1.11.1 from lock file\nnpm error Missing: emittery@0.13.1 from lock file\nnpm error Missing: jest-leak-detector@30.2.0 from lock file\nnpm error Missing: source-map-support@0.5.13 from lock file\nnpm error Missing: @jest/globals@30.2.0 from lock file\nnpm error Missing: @jest/source-map@30.0.1 from lock file\nnpm error Missing: cjs-module-lexer@2.1.0 from lock file\nnpm error Missing: strip-bom@4.0.0 from lock file\nnpm error Missing: @babel/plugin-syntax-jsx@7.27.1 from lock file\nnpm error Missing: @babel/plugin-syntax-typescript@7.27.1 from lock file\nnpm error Missing: @jest/snapshot-utils@30.2.0 from lock file\nnpm error Missing: semver@7.7.3 from lock file\nnpm error Missing: synckit@0.11.11 from lock file\nnpm error Missing: picomatch@4.0.3 from lock file\nnpm error Missing: camelcase@6.3.0 from lock file\nnpm error Missing: leven@3.1.0 from lock file\nnpm error Missing: supports-color@8.1.1 from lock file\nnpm error Missing: yallist@3.1.1 from lock file\nnpm error Missing: semver@7.7.3 from lock file\nnpm error Missing: braces@3.0.3 from lock file\nnpm error Missing: fill-range@7.1.1 from lock file\nnpm error Missing: to-regex-range@5.0.1 from lock file\nnpm error Missing: mimic-fn@2.1.0 from lock file\nnpm error Missing: error-ex@1.3.4 from lock file\nnpm error Missing: json-parse-even-better-errors@2.3.1 from lock file\nnpm error Missing: lines-and-columns@1.2.4 from lock file\nnpm error Missing: is-arrayish@0.2.1 from lock file\nnpm error Missing: lru-cache@10.4.3 from lock file\nnpm error Missing: find-up@4.1.0 from lock file\nnpm error Missing: ansi-styles@5.2.0 from lock file\nnpm error Missing: react-is@18.3.1 from lock file\nnpm error Missing: resolve-from@5.0.0 from lock file\nnpm error Missing: buffer-from@1.1.2 from lock file\nnpm error Missing: source-map@0.6.1 from lock file\nnpm error Missing: escape-string-regexp@2.0.0 from lock file\nnpm error Missing: char-regex@1.0.2 from lock file\nnpm error Missing: eastasianwidth@0.2.0 from lock file\nnpm error Missing: emoji-regex@9.2.2 from lock file\nnpm error Missing: strip-ansi@7.1.2 from lock file\nnpm error Missing: emoji-regex@8.0.0 from lock file\nnpm error Missing: @pkgr/core@0.2.9 from lock file\nnpm error Missing: glob@7.2.3 from lock file\nnpm error Missing: is-number@7.0.0 from lock file\nnpm error Missing: @unrs/resolver-binding-android-arm-eabi@1.11.1 from lock file\nnpm error Missing: @unrs/resolver-binding-android-arm64@1.11.1 from lock file\nnpm error Missing: @unrs/resolver-binding-darwin-arm64@1.11.1 from lock file\nnpm error Missing: @unrs/resolver-binding-darwin-x64@1.11.1 from lock file\nnpm error Missing: @unrs/resolver-binding-freebsd-x64@1.11.1 from lock file\nnpm error Missing: @unrs/resolver-binding-linux-arm-gnueabihf@1.11.1 from lock file\nnpm error Missing: @unrs/resolver-binding-linux-arm-musleabihf@1.11.1 from lock file\nnpm error Missing: @unrs/resolver-binding-linux-arm64-gnu@1.11.1 from lock file\nnpm error Missing: @unrs/resolver-binding-linux-arm64-musl@1.11.1 from lock file\nnpm error Missing: @unrs/resolver-binding-linux-ppc64-gnu@1.11.1 from lock file\nnpm error Missing: @unrs/resolver-binding-linux-riscv64-gnu@1.11.1 from lock file\nnpm error Missing: @unrs/resolver-binding-linux-riscv64-musl@1.11.1 from lock file\nnpm error Missing: @unrs/resolver-binding-linux-s390x-gnu@1.11.1 from lock file\nnpm error Missing: @unrs/resolver-binding-linux-x64-gnu@1.11.1 from lock file\nnpm error Missing: @unrs/resolver-binding-linux-x64-musl@1.11.1 from lock file\nnpm error Missing: @unrs/resolver-binding-wasm32-wasi@1.11.1 from lock file\nnpm error Missing: @unrs/resolver-binding-win32-arm64-msvc@1.11.1 from lock file\nnpm error Missing: @unrs/resolver-binding-win32-ia32-msvc@1.11.1 from lock file\nnpm error Missing: @unrs/resolver-binding-win32-x64-msvc@1.11.1 from lock file\nnpm error Missing: napi-postinstall@0.3.4 from lock file\nnpm error Missing: @napi-rs/wasm-runtime@0.2.12 from lock file\nnpm error Missing: @emnapi/core@1.6.0 from lock file\nnpm error Missing: @emnapi/runtime@1.6.0 from lock file\nnpm error Missing: @tybys/wasm-util@0.10.1 from lock file\nnpm error Missing: @emnapi/wasi-threads@1.1.0 from lock file\nnpm error Missing: makeerror@1.0.12 from lock file\nnpm error Missing: tmpl@1.0.5 from lock file\nnpm error Missing: ansi-styles@6.2.3 from lock file\nnpm error Missing: strip-ansi@7.1.2 from lock file\nnpm error Missing: string-width@4.2.3 from lock file\nnpm error Missing: ansi-regex@6.2.2 from lock file\nnpm error Missing: locate-path@5.0.0 from lock file\nnpm error Missing: argparse@1.0.10 from lock file\nnpm error Missing: esprima@4.0.1 from lock file\nnpm error Missing: sprintf-js@1.0.3 from lock file\nnpm error Missing: p-locate@4.1.0 from lock file\nnpm error Missing: p-limit@2.3.0 from lock file\nnpm error Missing: p-try@2.2.0 from lock file\nnpm error Missing: brace-expansion@2.0.2 from lock file\nnpm error Missing: locate-path@5.0.0 from lock file\nnpm error Missing: p-locate@4.1.0 from lock file\nnpm error Missing: p-limit@2.3.0 from lock file\nnpm error Missing: ansi-regex@6.2.2 from lock file\nnpm error Missing: emoji-regex@8.0.0 from lock file\nnpm error Missing: ansi-regex@6.2.2 from lock file\nnpm error\nnpm error Clean install a project\nnpm error\nnpm error Usage:\nnpm error npm ci\nnpm error\nnpm error Options:\nnpm error [--install-strategy <hoisted|nested|shallow|linked>] [--legacy-bundling]\nnpm error [--global-style] [--omit <dev|optional|peer> [--omit <dev|optional|peer> ...]]\nnpm error [--include <prod|dev|optional|peer> [--include <prod|dev|optional|peer> ...]]\nnpm error [--strict-peer-deps] [--foreground-scripts] [--ignore-scripts] [--no-audit]\nnpm error [--no-bin-links] [--no-fund] [--dry-run]\nnpm error [-w|--workspace <workspace-name> [-w|--workspace <workspace-name> ...]]\nnpm error [-ws|--workspaces] [--include-workspace-root] [--install-links]\nnpm error\nnpm error aliases: clean-install, ic, install-clean, isntall-clean\nnpm error\nnpm error Run \"npm help ci\" for more info\nnpm error A complete log of this run can be found in: /www-data-home/.npm/_logs/2025-10-22T17_17_19_979Z-debug-0.log; Error ID: 7fa33aaa"}}
[debug] [2025-10-22T17:17:52.215Z] Got source token undefined for region us-central1
[error] Build failed: npm error code EUSAGE
npm error
npm error `npm ci` can only install packages when your package.json and package-lock.json or npm-shrinkwrap.json are in sync. Please update your lock file with `npm install` before continuing.
npm error
npm error Missing: jest@30.2.0 from lock file
npm error Missing: @jest/core@30.2.0 from lock file
npm error Missing: @jest/types@30.2.0 from lock file
npm error Missing: import-local@3.2.0 from lock file
npm error Missing: jest-cli@30.2.0 from lock file
npm error Missing: @jest/console@30.2.0 from lock file
npm error Missing: @jest/pattern@30.0.1 from lock file
npm error Missing: @jest/reporters@30.2.0 from lock file
npm error Missing: @jest/test-result@30.2.0 from lock file
npm error Missing: @jest/transform@30.2.0 from lock file
npm error Missing: ansi-escapes@4.3.2 from lock file
npm error Missing: ci-info@4.3.1 from lock file
npm error Missing: exit-x@0.2.2 from lock file
npm error Missing: graceful-fs@4.2.11 from lock file
npm error Missing: jest-changed-files@30.2.0 from lock file
npm error Missing: jest-config@30.2.0 from lock file
npm error Missing: jest-haste-map@30.2.0 from lock file
npm error Missing: jest-message-util@30.2.0 from lock file
npm error Missing: jest-regex-util@30.0.1 from lock file
npm error Missing: jest-resolve@30.2.0 from lock file
npm error Missing: jest-resolve-dependencies@30.2.0 from lock file
npm error Missing: jest-runner@30.2.0 from lock file
npm error Missing: jest-runtime@30.2.0 from lock file
npm error Missing: jest-snapshot@30.2.0 from lock file
npm error Missing: jest-util@30.2.0 from lock file
npm error Missing: jest-validate@30.2.0 from lock file
npm error Missing: jest-watcher@30.2.0 from lock file
npm error Missing: micromatch@4.0.8 from lock file
npm error Missing: pretty-format@30.2.0 from lock file
npm error Missing: slash@3.0.0 from lock file
npm error Missing: @bcoe/v8-coverage@0.2.3 from lock file
npm error Missing: @jridgewell/trace-mapping@0.3.31 from lock file
npm error Missing: collect-v8-coverage@1.0.3 from lock file
npm error Missing: glob@10.4.5 from lock file
npm error Missing: istanbul-lib-coverage@3.2.2 from lock file
npm error Missing: istanbul-lib-instrument@6.0.3 from lock file
npm error Missing: istanbul-lib-report@3.0.1 from lock file
npm error Missing: istanbul-lib-source-maps@5.0.6 from lock file
npm error Missing: istanbul-reports@3.2.0 from lock file
npm error Missing: jest-worker@30.2.0 from lock file
npm error Missing: string-length@4.0.2 from lock file
npm error Missing: v8-to-istanbul@9.3.0 from lock file
npm error Missing: @types/istanbul-lib-coverage@2.0.6 from lock file
npm error Missing: @babel/core@7.28.4 from lock file
npm error Missing: babel-plugin-istanbul@7.0.1 from lock file
npm error Missing: convert-source-map@2.0.0 from lock file
npm error Missing: pirates@4.0.7 from lock file
npm error Missing: write-file-atomic@5.0.1 from lock file
npm error Missing: @babel/code-frame@7.27.1 from lock file
npm error Missing: @babel/generator@7.28.3 from lock file
npm error Missing: @babel/helper-compilation-targets@7.27.2 from lock file
npm error Missing: @babel/helper-module-transforms@7.28.3 from lock file
npm error Missing: @babel/helpers@7.28.4 from lock file
npm error Missing: @babel/parser@7.28.4 from lock file
npm error Missing: @babel/template@7.27.2 from lock file
npm error Missing: @babel/traverse@7.28.4 from lock file
npm error Missing: @babel/types@7.28.4 from lock file
npm error Missing: @jridgewell/remapping@2.3.5 from lock file
npm error Missing: gensync@1.0.0-beta.2 from lock file
npm error Missing: json5@2.2.3 from lock file
npm error Missing: semver@6.3.1 from lock file
npm error Missing: @babel/helper-validator-identifier@7.27.1 from lock file
npm error Missing: js-tokens@4.0.0 from lock file
npm error Missing: picocolors@1.1.1 from lock file
npm error Missing: @jridgewell/gen-mapping@0.3.13 from lock file
npm error Missing: jsesc@3.1.0 from lock file
npm error Missing: @babel/compat-data@7.28.4 from lock file
npm error Missing: @babel/helper-validator-option@7.27.1 from lock file
npm error Missing: browserslist@4.27.0 from lock file
npm error Missing: lru-cache@5.1.1 from lock file
npm error Missing: @babel/helper-module-imports@7.27.1 from lock file
npm error Missing: @babel/helper-globals@7.28.0 from lock file
npm error Missing: @babel/helper-string-parser@7.27.1 from lock file
npm error Missing: @jest/schemas@30.0.5 from lock file
npm error Missing: @types/istanbul-reports@3.0.4 from lock file
npm error Missing: @types/yargs@17.0.33 from lock file
npm error Missing: @sinclair/typebox@0.34.41 from lock file
npm error Missing: @jridgewell/sourcemap-codec@1.5.5 from lock file
npm error Missing: @jridgewell/resolve-uri@3.1.2 from lock file
npm error Missing: @types/istanbul-lib-report@3.0.3 from lock file
npm error Missing: @types/yargs-parser@21.0.3 from lock file
npm error Missing: type-fest@0.21.3 from lock file
npm error Missing: @babel/helper-plugin-utils@7.27.1 from lock file
npm error Missing: @istanbuljs/load-nyc-config@1.1.0 from lock file
npm error Missing: @istanbuljs/schema@0.1.3 from lock file
npm error Missing: test-exclude@6.0.0 from lock file
npm error Missing: camelcase@5.3.1 from lock file
npm error Missing: find-up@4.1.0 from lock file
npm error Missing: get-package-type@0.1.0 from lock file
npm error Missing: js-yaml@3.14.1 from lock file
npm error Missing: resolve-from@5.0.0 from lock file
npm error Missing: baseline-browser-mapping@2.8.19 from lock file
npm error Missing: caniuse-lite@1.0.30001751 from lock file
npm error Missing: electron-to-chromium@1.5.238 from lock file
npm error Missing: node-releases@2.0.26 from lock file
npm error Missing: update-browserslist-db@1.1.4 from lock file
npm error Missing: foreground-child@3.3.1 from lock file
npm error Missing: jackspeak@3.4.3 from lock file
npm error Missing: minimatch@9.0.5 from lock file
npm error Missing: minipass@7.1.2 from lock file
npm error Missing: package-json-from-dist@1.0.1 from lock file
npm error Missing: path-scurry@1.11.1 from lock file
npm error Missing: signal-exit@4.1.0 from lock file
npm error Missing: pkg-dir@4.2.0 from lock file
npm error Missing: resolve-cwd@3.0.0 from lock file
npm error Missing: semver@7.7.3 from lock file
npm error Missing: make-dir@4.0.0 from lock file
npm error Missing: html-escaper@2.0.2 from lock file
npm error Missing: @isaacs/cliui@8.0.2 from lock file
npm error Missing: @pkgjs/parseargs@0.11.0 from lock file
npm error Missing: string-width@5.1.2 from lock file
npm error Missing: string-width-cjs@4.2.3 from lock file
npm error Missing: strip-ansi@7.1.2 from lock file
npm error Missing: strip-ansi-cjs@6.0.1 from lock file
npm error Missing: wrap-ansi@8.1.0 from lock file
npm error Missing: wrap-ansi-cjs@7.0.0 from lock file
npm error Missing: execa@5.1.1 from lock file
npm error Missing: get-stream@6.0.1 from lock file
npm error Missing: human-signals@2.1.0 from lock file
npm error Missing: merge-stream@2.0.0 from lock file
npm error Missing: npm-run-path@4.0.1 from lock file
npm error Missing: onetime@5.1.2 from lock file
npm error Missing: signal-exit@3.0.7 from lock file
npm error Missing: strip-final-newline@2.0.0 from lock file
npm error Missing: @jest/get-type@30.1.0 from lock file
npm error Missing: @jest/test-sequencer@30.2.0 from lock file
npm error Missing: babel-jest@30.2.0 from lock file
npm error Missing: deepmerge@4.3.1 from lock file
npm error Missing: jest-circus@30.2.0 from lock file
npm error Missing: jest-docblock@30.2.0 from lock file
npm error Missing: jest-environment-node@30.2.0 from lock file
npm error Missing: parse-json@5.2.0 from lock file
npm error Missing: @types/babel__core@7.20.5 from lock file
npm error Missing: babel-preset-jest@30.2.0 from lock file
npm error Missing: @types/babel__generator@7.27.0 from lock file
npm error Missing: @types/babel__template@7.4.4 from lock file
npm error Missing: @types/babel__traverse@7.28.0 from lock file
npm error Missing: babel-plugin-jest-hoist@30.2.0 from lock file
npm error Missing: babel-preset-current-node-syntax@1.2.0 from lock file
npm error Missing: @babel/plugin-syntax-async-generators@7.8.4 from lock file
npm error Missing: @babel/plugin-syntax-bigint@7.8.3 from lock file
npm error Missing: @babel/plugin-syntax-class-properties@7.12.13 from lock file
npm error Missing: @babel/plugin-syntax-class-static-block@7.14.5 from lock file
npm error Missing: @babel/plugin-syntax-import-attributes@7.27.1 from lock file
npm error Missing: @babel/plugin-syntax-import-meta@7.10.4 from lock file
npm error Missing: @babel/plugin-syntax-json-strings@7.8.3 from lock file
npm error Missing: @babel/plugin-syntax-logical-assignment-operators@7.10.4 from lock file
npm error Missing: @babel/plugin-syntax-nullish-coalescing-operator@7.8.3 from lock file
npm error Missing: @babel/plugin-syntax-numeric-separator@7.10.4 from lock file
npm error Missing: @babel/plugin-syntax-object-rest-spread@7.8.3 from lock file
npm error Missing: @babel/plugin-syntax-optional-catch-binding@7.8.3 from lock file
npm error Missing: @babel/plugin-syntax-optional-chaining@7.8.3 from lock file
npm error Missing: @babel/plugin-syntax-private-property-in-object@7.14.5 from lock file
npm error Missing: @babel/plugin-syntax-top-level-await@7.14.5 from lock file
npm error Missing: @jest/environment@30.2.0 from lock file
npm error Missing: @jest/expect@30.2.0 from lock file
npm error Missing: co@4.6.0 from lock file
npm error Missing: dedent@1.7.0 from lock file
npm error Missing: is-generator-fn@2.1.0 from lock file
npm error Missing: jest-each@30.2.0 from lock file
npm error Missing: jest-matcher-utils@30.2.0 from lock file
npm error Missing: pure-rand@7.0.1 from lock file
npm error Missing: stack-utils@2.0.6 from lock file
npm error Missing: @jest/fake-timers@30.2.0 from lock file
npm error Missing: jest-mock@30.2.0 from lock file
npm error Missing: expect@30.2.0 from lock file
npm error Missing: @sinonjs/fake-timers@13.0.5 from lock file
npm error Missing: @sinonjs/commons@3.0.1 from lock file
npm error Missing: type-detect@4.0.8 from lock file
npm error Missing: @jest/expect-utils@30.2.0 from lock file
npm error Missing: detect-newline@3.1.0 from lock file
npm error Missing: anymatch@3.1.3 from lock file
npm error Missing: fb-watchman@2.0.2 from lock file
npm error Missing: fsevents@2.3.3 from lock file
npm error Missing: walker@1.0.8 from lock file
npm error Missing: normalize-path@3.0.0 from lock file
npm error Missing: picomatch@2.3.1 from lock file
npm error Missing: bser@2.1.1 from lock file
npm error Missing: node-int64@0.4.0 from lock file
npm error Missing: jest-diff@30.2.0 from lock file
npm error Missing: @jest/diff-sequences@30.0.1 from lock file
npm error Missing: @types/stack-utils@2.0.3 from lock file
npm error Missing: jest-pnp-resolver@1.2.3 from lock file
npm error Missing: unrs-resolver@1.11.1 from lock file
npm error Missing: emittery@0.13.1 from lock file
npm error Missing: jest-leak-detector@30.2.0 from lock file
npm error Missing: source-map-support@0.5.13 from lock file
npm error Missing: @jest/globals@30.2.0 from lock file
npm error Missing: @jest/source-map@30.0.1 from lock file
npm error Missing: cjs-module-lexer@2.1.0 from lock file
npm error Missing: strip-bom@4.0.0 from lock file
npm error Missing: @babel/plugin-syntax-jsx@7.27.1 from lock file
npm error Missing: @babel/plugin-syntax-typescript@7.27.1 from lock file
npm error Missing: @jest/snapshot-utils@30.2.0 from lock file
npm error Missing: semver@7.7.3 from lock file
npm error Missing: synckit@0.11.11 from lock file
npm error Missing: picomatch@4.0.3 from lock file
npm error Missing: camelcase@6.3.0 from lock file
npm error Missing: leven@3.1.0 from lock file
npm error Missing: supports-color@8.1.1 from lock file
npm error Missing: yallist@3.1.1 from lock file
npm error Missing: semver@7.7.3 from lock file
npm error Missing: braces@3.0.3 from lock file
npm error Missing: fill-range@7.1.1 from lock file
npm error Missing: to-regex-range@5.0.1 from lock file
npm error Missing: mimic-fn@2.1.0 from lock file
npm error Missing: error-ex@1.3.4 from lock file
npm error Missing: json-parse-even-better-errors@2.3.1 from lock file
npm error Missing: lines-and-columns@1.2.4 from lock file
npm error Missing: is-arrayish@0.2.1 from lock file
npm error Missing: lru-cache@10.4.3 from lock file
npm error Missing: find-up@4.1.0 from lock file
npm error Missing: ansi-styles@5.2.0 from lock file
npm error Missing: react-is@18.3.1 from lock file
npm error Missing: resolve-from@5.0.0 from lock file
npm error Missing: buffer-from@1.1.2 from lock file
npm error Missing: source-map@0.6.1 from lock file
npm error Missing: escape-string-regexp@2.0.0 from lock file
npm error Missing: char-regex@1.0.2 from lock file
npm error Missing: eastasianwidth@0.2.0 from lock file
npm error Missing: emoji-regex@9.2.2 from lock file
npm error Missing: strip-ansi@7.1.2 from lock file
npm error Missing: emoji-regex@8.0.0 from lock file
npm error Missing: @pkgr/core@0.2.9 from lock file
npm error Missing: glob@7.2.3 from lock file
npm error Missing: is-number@7.0.0 from lock file
npm error Missing: @unrs/resolver-binding-android-arm-eabi@1.11.1 from lock file
npm error Missing: @unrs/resolver-binding-android-arm64@1.11.1 from lock file
npm error Missing: @unrs/resolver-binding-darwin-arm64@1.11.1 from lock file
npm error Missing: @unrs/resolver-binding-darwin-x64@1.11.1 from lock file
npm error Missing: @unrs/resolver-binding-freebsd-x64@1.11.1 from lock file
npm error Missing: @unrs/resolver-binding-linux-arm-gnueabihf@1.11.1 from lock file
npm error Missing: @unrs/resolver-binding-linux-arm-musleabihf@1.11.1 from lock file
npm error Missing: @unrs/resolver-binding-linux-arm64-gnu@1.11.1 from lock file
npm error Missing: @unrs/resolver-binding-linux-arm64-musl@1.11.1 from lock file
npm error Missing: @unrs/resolver-binding-linux-ppc64-gnu@1.11.1 from lock file
npm error Missing: @unrs/resolver-binding-linux-riscv64-gnu@1.11.1 from lock file
npm error Missing: @unrs/resolver-binding-linux-riscv64-musl@1.11.1 from lock file
npm error Missing: @unrs/resolver-binding-linux-s390x-gnu@1.11.1 from lock file
npm error Missing: @unrs/resolver-binding-linux-x64-gnu@1.11.1 from lock file
npm error Missing: @unrs/resolver-binding-linux-x64-musl@1.11.1 from lock file
npm error Missing: @unrs/resolver-binding-wasm32-wasi@1.11.1 from lock file
npm error Missing: @unrs/resolver-binding-win32-arm64-msvc@1.11.1 from lock file
npm error Missing: @unrs/resolver-binding-win32-ia32-msvc@1.11.1 from lock file
npm error Missing: @unrs/resolver-binding-win32-x64-msvc@1.11.1 from lock file
npm error Missing: napi-postinstall@0.3.4 from lock file
npm error Missing: @napi-rs/wasm-runtime@0.2.12 from lock file
npm error Missing: @emnapi/core@1.6.0 from lock file
npm error Missing: @emnapi/runtime@1.6.0 from lock file
npm error Missing: @tybys/wasm-util@0.10.1 from lock file
npm error Missing: @emnapi/wasi-threads@1.1.0 from lock file
npm error Missing: makeerror@1.0.12 from lock file
npm error Missing: tmpl@1.0.5 from lock file
npm error Missing: ansi-styles@6.2.3 from lock file
npm error Missing: strip-ansi@7.1.2 from lock file
npm error Missing: string-width@4.2.3 from lock file
npm error Missing: ansi-regex@6.2.2 from lock file
npm error Missing: locate-path@5.0.0 from lock file
npm error Missing: argparse@1.0.10 from lock file
npm error Missing: esprima@4.0.1 from lock file
npm error Missing: sprintf-js@1.0.3 from lock file
npm error Missing: p-locate@4.1.0 from lock file
npm error Missing: p-limit@2.3.0 from lock file
npm error Missing: p-try@2.2.0 from lock file
npm error Missing: brace-expansion@2.0.2 from lock file
npm error Missing: locate-path@5.0.0 from lock file
npm error Missing: p-locate@4.1.0 from lock file
npm error Missing: p-limit@2.3.0 from lock file
npm error Missing: ansi-regex@6.2.2 from lock file
npm error Missing: emoji-regex@8.0.0 from lock file
npm error Missing: ansi-regex@6.2.2 from lock file
npm error
npm error Clean install a project
npm error
npm error Usage:
npm error npm ci
npm error
npm error Options:
npm error [--install-strategy <hoisted|nested|shallow|linked>] [--legacy-bundling]
npm error [--global-style] [--omit <dev|optional|peer> [--omit <dev|optional|peer> ...]]
npm error [--include <prod|dev|optional|peer> [--include <prod|dev|optional|peer> ...]]
npm error [--strict-peer-deps] [--foreground-scripts] [--ignore-scripts] [--no-audit]
npm error [--no-bin-links] [--no-fund] [--dry-run]
npm error [-w|--workspace <workspace-name> [-w|--workspace <workspace-name> ...]]
npm error [-ws|--workspaces] [--include-workspace-root] [--install-links]
npm error
npm error aliases: clean-install, ic, install-clean, isntall-clean
npm error
npm error Run "npm help ci" for more info
npm error A complete log of this run can be found in: /www-data-home/.npm/_logs/2025-10-22T17_17_19_979Z-debug-0.log; Error ID: 7fa33aaa
[debug] [2025-10-22T17:17:52.231Z] Total Function Deployment time: 58519
[debug] [2025-10-22T17:17:52.231Z] 1 Functions Deployed
[debug] [2025-10-22T17:17:52.231Z] 1 Functions Errored
[debug] [2025-10-22T17:17:52.231Z] 0 Function Deployments Aborted
[debug] [2025-10-22T17:17:52.231Z] Average Function Deployment time: 58517
[info] 
[info] Functions deploy had errors with the following functions:
	adminUpload(us-central1)
[debug] [2025-10-22T17:17:52.562Z] Not printing URL for HTTPS function. Typically this means it didn't match a filter or we failed deployment
[debug] [2025-10-22T17:17:52.563Z] Checked if tokens are valid: true, expires at: 1761155918117
[debug] [2025-10-22T17:17:52.563Z] Checked if tokens are valid: true, expires at: 1761155918117
[debug] [2025-10-22T17:17:52.563Z] >>> [apiv2][query] GET https://artifactregistry.googleapis.com/v1/projects/ceso-aphis-yuc/locations/us-central1/repositories/gcf-artifacts [none]
[debug] [2025-10-22T17:17:52.895Z] <<< [apiv2][status] GET https://artifactregistry.googleapis.com/v1/projects/ceso-aphis-yuc/locations/us-central1/repositories/gcf-artifacts 200
[debug] [2025-10-22T17:17:52.896Z] <<< [apiv2][body] GET https://artifactregistry.googleapis.com/v1/projects/ceso-aphis-yuc/locations/us-central1/repositories/gcf-artifacts {"name":"projects/ceso-aphis-yuc/locations/us-central1/repositories/gcf-artifacts","format":"DOCKER","description":"This repository is created and used by Cloud Functions for storing function docker images.","labels":{"goog-managed-by":"cloudfunctions"},"createTime":"2025-10-20T23:34:00.307563Z","updateTime":"2025-10-22T01:33:26.634495Z","mode":"STANDARD_REPOSITORY","cleanupPolicies":{"firebase-functions-cleanup":{"id":"firebase-functions-cleanup","action":"DELETE","condition":{"tagState":"ANY","olderThan":"86400s"}}},"vulnerabilityScanningConfig":{"lastEnableTime":"2025-10-20T23:33:52.303416876Z","enablementState":"SCANNING_DISABLED","enablementStateReason":"API containerscanning.googleapis.com is not enabled."},"satisfiesPzi":true,"registryUri":"us-central1-docker.pkg.dev/ceso-aphis-yuc/gcf-artifacts"}
[debug] [2025-10-22T17:17:52.897Z] Functions deploy failed.
[debug] [2025-10-22T17:17:52.898Z] {
  "endpoint": {
    "id": "adminUpload",
    "project": "ceso-aphis-yuc",
    "region": "us-central1",
    "entryPoint": "adminUpload",
    "platform": "gcfv1",
    "runtime": "nodejs18",
    "httpsTrigger": {},
    "serviceAccount": null,
    "ingressSettings": null,
    "availableMemoryMb": null,
    "timeoutSeconds": null,
    "maxInstances": null,
    "minInstances": null,
    "vpc": null,
    "environmentVariables": {
      "FIREBASE_CONFIG": "{\"projectId\":\"ceso-aphis-yuc\",\"storageBucket\":\"ceso-aphis-yuc.firebasestorage.app\"}",
      "GCLOUD_PROJECT": "ceso-aphis-yuc",
      "EVENTARC_CLOUD_EVENT_SOURCE": "projects/ceso-aphis-yuc/locations/us-central1/functions/adminUpload"
    },
    "codebase": "default",
    "securityLevel": "SECURE_ALWAYS",
    "targetedByOnly": true,
    "hash": "7fcfa1d8f37f57cdcce30d91187d70de7bc03e62",
    "labels": {
      "deployment-tool": "cli-firebase"
    }
  },
  "op": "update",
  "original": {
    "name": "FirebaseError",
    "children": [],
    "exit": 1,
    "message": "Build failed: npm error code EUSAGE\nnpm error\nnpm error `npm ci` can only install packages when your package.json and package-lock.json or npm-shrinkwrap.json are in sync. Please update your lock file with `npm install` before continuing.\nnpm error\nnpm error Missing: jest@30.2.0 from lock file\nnpm error Missing: @jest/core@30.2.0 from lock file\nnpm error Missing: @jest/types@30.2.0 from lock file\nnpm error Missing: import-local@3.2.0 from lock file\nnpm error Missing: jest-cli@30.2.0 from lock file\nnpm error Missing: @jest/console@30.2.0 from lock file\nnpm error Missing: @jest/pattern@30.0.1 from lock file\nnpm error Missing: @jest/reporters@30.2.0 from lock file\nnpm error Missing: @jest/test-result@30.2.0 from lock file\nnpm error Missing: @jest/transform@30.2.0 from lock file\nnpm error Missing: ansi-escapes@4.3.2 from lock file\nnpm error Missing: ci-info@4.3.1 from lock file\nnpm error Missing: exit-x@0.2.2 from lock file\nnpm error Missing: graceful-fs@4.2.11 from lock file\nnpm error Missing: jest-changed-files@30.2.0 from lock file\nnpm error Missing: jest-config@30.2.0 from lock file\nnpm error Missing: jest-haste-map@30.2.0 from lock file\nnpm error Missing: jest-message-util@30.2.0 from lock file\nnpm error Missing: jest-regex-util@30.0.1 from lock file\nnpm error Missing: jest-resolve@30.2.0 from lock file\nnpm error Missing: jest-resolve-dependencies@30.2.0 from lock file\nnpm error Missing: jest-runner@30.2.0 from lock file\nnpm error Missing: jest-runtime@30.2.0 from lock file\nnpm error Missing: jest-snapshot@30.2.0 from lock file\nnpm error Missing: jest-util@30.2.0 from lock file\nnpm error Missing: jest-validate@30.2.0 from lock file\nnpm error Missing: jest-watcher@30.2.0 from lock file\nnpm error Missing: micromatch@4.0.8 from lock file\nnpm error Missing: pretty-format@30.2.0 from lock file\nnpm error Missing: slash@3.0.0 from lock file\nnpm error Missing: @bcoe/v8-coverage@0.2.3 from lock file\nnpm error Missing: @jridgewell/trace-mapping@0.3.31 from lock file\nnpm error Missing: collect-v8-coverage@1.0.3 from lock file\nnpm error Missing: glob@10.4.5 from lock file\nnpm error Missing: istanbul-lib-coverage@3.2.2 from lock file\nnpm error Missing: istanbul-lib-instrument@6.0.3 from lock file\nnpm error Missing: istanbul-lib-report@3.0.1 from lock file\nnpm error Missing: istanbul-lib-source-maps@5.0.6 from lock file\nnpm error Missing: istanbul-reports@3.2.0 from lock file\nnpm error Missing: jest-worker@30.2.0 from lock file\nnpm error Missing: string-length@4.0.2 from lock file\nnpm error Missing: v8-to-istanbul@9.3.0 from lock file\nnpm error Missing: @types/istanbul-lib-coverage@2.0.6 from lock file\nnpm error Missing: @babel/core@7.28.4 from lock file\nnpm error Missing: babel-plugin-istanbul@7.0.1 from lock file\nnpm error Missing: convert-source-map@2.0.0 from lock file\nnpm error Missing: pirates@4.0.7 from lock file\nnpm error Missing: write-file-atomic@5.0.1 from lock file\nnpm error Missing: @babel/code-frame@7.27.1 from lock file\nnpm error Missing: @babel/generator@7.28.3 from lock file\nnpm error Missing: @babel/helper-compilation-targets@7.27.2 from lock file\nnpm error Missing: @babel/helper-module-transforms@7.28.3 from lock file\nnpm error Missing: @babel/helpers@7.28.4 from lock file\nnpm error Missing: @babel/parser@7.28.4 from lock file\nnpm error Missing: @babel/template@7.27.2 from lock file\nnpm error Missing: @babel/traverse@7.28.4 from lock file\nnpm error Missing: @babel/types@7.28.4 from lock file\nnpm error Missing: @jridgewell/remapping@2.3.5 from lock file\nnpm error Missing: gensync@1.0.0-beta.2 from lock file\nnpm error Missing: json5@2.2.3 from lock file\nnpm error Missing: semver@6.3.1 from lock file\nnpm error Missing: @babel/helper-validator-identifier@7.27.1 from lock file\nnpm error Missing: js-tokens@4.0.0 from lock file\nnpm error Missing: picocolors@1.1.1 from lock file\nnpm error Missing: @jridgewell/gen-mapping@0.3.13 from lock file\nnpm error Missing: jsesc@3.1.0 from lock file\nnpm error Missing: @babel/compat-data@7.28.4 from lock file\nnpm error Missing: @babel/helper-validator-option@7.27.1 from lock file\nnpm error Missing: browserslist@4.27.0 from lock file\nnpm error Missing: lru-cache@5.1.1 from lock file\nnpm error Missing: @babel/helper-module-imports@7.27.1 from lock file\nnpm error Missing: @babel/helper-globals@7.28.0 from lock file\nnpm error Missing: @babel/helper-string-parser@7.27.1 from lock file\nnpm error Missing: @jest/schemas@30.0.5 from lock file\nnpm error Missing: @types/istanbul-reports@3.0.4 from lock file\nnpm error Missing: @types/yargs@17.0.33 from lock file\nnpm error Missing: @sinclair/typebox@0.34.41 from lock file\nnpm error Missing: @jridgewell/sourcemap-codec@1.5.5 from lock file\nnpm error Missing: @jridgewell/resolve-uri@3.1.2 from lock file\nnpm error Missing: @types/istanbul-lib-report@3.0.3 from lock file\nnpm error Missing: @types/yargs-parser@21.0.3 from lock file\nnpm error Missing: type-fest@0.21.3 from lock file\nnpm error Missing: @babel/helper-plugin-utils@7.27.1 from lock file\nnpm error Missing: @istanbuljs/load-nyc-config@1.1.0 from lock file\nnpm error Missing: @istanbuljs/schema@0.1.3 from lock file\nnpm error Missing: test-exclude@6.0.0 from lock file\nnpm error Missing: camelcase@5.3.1 from lock file\nnpm error Missing: find-up@4.1.0 from lock file\nnpm error Missing: get-package-type@0.1.0 from lock file\nnpm error Missing: js-yaml@3.14.1 from lock file\nnpm error Missing: resolve-from@5.0.0 from lock file\nnpm error Missing: baseline-browser-mapping@2.8.19 from lock file\nnpm error Missing: caniuse-lite@1.0.30001751 from lock file\nnpm error Missing: electron-to-chromium@1.5.238 from lock file\nnpm error Missing: node-releases@2.0.26 from lock file\nnpm error Missing: update-browserslist-db@1.1.4 from lock file\nnpm error Missing: foreground-child@3.3.1 from lock file\nnpm error Missing: jackspeak@3.4.3 from lock file\nnpm error Missing: minimatch@9.0.5 from lock file\nnpm error Missing: minipass@7.1.2 from lock file\nnpm error Missing: package-json-from-dist@1.0.1 from lock file\nnpm error Missing: path-scurry@1.11.1 from lock file\nnpm error Missing: signal-exit@4.1.0 from lock file\nnpm error Missing: pkg-dir@4.2.0 from lock file\nnpm error Missing: resolve-cwd@3.0.0 from lock file\nnpm error Missing: semver@7.7.3 from lock file\nnpm error Missing: make-dir@4.0.0 from lock file\nnpm error Missing: html-escaper@2.0.2 from lock file\nnpm error Missing: @isaacs/cliui@8.0.2 from lock file\nnpm error Missing: @pkgjs/parseargs@0.11.0 from lock file\nnpm error Missing: string-width@5.1.2 from lock file\nnpm error Missing: string-width-cjs@4.2.3 from lock file\nnpm error Missing: strip-ansi@7.1.2 from lock file\nnpm error Missing: strip-ansi-cjs@6.0.1 from lock file\nnpm error Missing: wrap-ansi@8.1.0 from lock file\nnpm error Missing: wrap-ansi-cjs@7.0.0 from lock file\nnpm error Missing: execa@5.1.1 from lock file\nnpm error Missing: get-stream@6.0.1 from lock file\nnpm error Missing: human-signals@2.1.0 from lock file\nnpm error Missing: merge-stream@2.0.0 from lock file\nnpm error Missing: npm-run-path@4.0.1 from lock file\nnpm error Missing: onetime@5.1.2 from lock file\nnpm error Missing: signal-exit@3.0.7 from lock file\nnpm error Missing: strip-final-newline@2.0.0 from lock file\nnpm error Missing: @jest/get-type@30.1.0 from lock file\nnpm error Missing: @jest/test-sequencer@30.2.0 from lock file\nnpm error Missing: babel-jest@30.2.0 from lock file\nnpm error Missing: deepmerge@4.3.1 from lock file\nnpm error Missing: jest-circus@30.2.0 from lock file\nnpm error Missing: jest-docblock@30.2.0 from lock file\nnpm error Missing: jest-environment-node@30.2.0 from lock file\nnpm error Missing: parse-json@5.2.0 from lock file\nnpm error Missing: @types/babel__core@7.20.5 from lock file\nnpm error Missing: babel-preset-jest@30.2.0 from lock file\nnpm error Missing: @types/babel__generator@7.27.0 from lock file\nnpm error Missing: @types/babel__template@7.4.4 from lock file\nnpm error Missing: @types/babel__traverse@7.28.0 from lock file\nnpm error Missing: babel-plugin-jest-hoist@30.2.0 from lock file\nnpm error Missing: babel-preset-current-node-syntax@1.2.0 from lock file\nnpm error Missing: @babel/plugin-syntax-async-generators@7.8.4 from lock file\nnpm error Missing: @babel/plugin-syntax-bigint@7.8.3 from lock file\nnpm error Missing: @babel/plugin-syntax-class-properties@7.12.13 from lock file\nnpm error Missing: @babel/plugin-syntax-class-static-block@7.14.5 from lock file\nnpm error Missing: @babel/plugin-syntax-import-attributes@7.27.1 from lock file\nnpm error Missing: @babel/plugin-syntax-import-meta@7.10.4 from lock file\nnpm error Missing: @babel/plugin-syntax-json-strings@7.8.3 from lock file\nnpm error Missing: @babel/plugin-syntax-logical-assignment-operators@7.10.4 from lock file\nnpm error Missing: @babel/plugin-syntax-nullish-coalescing-operator@7.8.3 from lock file\nnpm error Missing: @babel/plugin-syntax-numeric-separator@7.10.4 from lock file\nnpm error Missing: @babel/plugin-syntax-object-rest-spread@7.8.3 from lock file\nnpm error Missing: @babel/plugin-syntax-optional-catch-binding@7.8.3 from lock file\nnpm error Missing: @babel/plugin-syntax-optional-chaining@7.8.3 from lock file\nnpm error Missing: @babel/plugin-syntax-private-property-in-object@7.14.5 from lock file\nnpm error Missing: @babel/plugin-syntax-top-level-await@7.14.5 from lock file\nnpm error Missing: @jest/environment@30.2.0 from lock file\nnpm error Missing: @jest/expect@30.2.0 from lock file\nnpm error Missing: co@4.6.0 from lock file\nnpm error Missing: dedent@1.7.0 from lock file\nnpm error Missing: is-generator-fn@2.1.0 from lock file\nnpm error Missing: jest-each@30.2.0 from lock file\nnpm error Missing: jest-matcher-utils@30.2.0 from lock file\nnpm error Missing: pure-rand@7.0.1 from lock file\nnpm error Missing: stack-utils@2.0.6 from lock file\nnpm error Missing: @jest/fake-timers@30.2.0 from lock file\nnpm error Missing: jest-mock@30.2.0 from lock file\nnpm error Missing: expect@30.2.0 from lock file\nnpm error Missing: @sinonjs/fake-timers@13.0.5 from lock file\nnpm error Missing: @sinonjs/commons@3.0.1 from lock file\nnpm error Missing: type-detect@4.0.8 from lock file\nnpm error Missing: @jest/expect-utils@30.2.0 from lock file\nnpm error Missing: detect-newline@3.1.0 from lock file\nnpm error Missing: anymatch@3.1.3 from lock file\nnpm error Missing: fb-watchman@2.0.2 from lock file\nnpm error Missing: fsevents@2.3.3 from lock file\nnpm error Missing: walker@1.0.8 from lock file\nnpm error Missing: normalize-path@3.0.0 from lock file\nnpm error Missing: picomatch@2.3.1 from lock file\nnpm error Missing: bser@2.1.1 from lock file\nnpm error Missing: node-int64@0.4.0 from lock file\nnpm error Missing: jest-diff@30.2.0 from lock file\nnpm error Missing: @jest/diff-sequences@30.0.1 from lock file\nnpm error Missing: @types/stack-utils@2.0.3 from lock file\nnpm error Missing: jest-pnp-resolver@1.2.3 from lock file\nnpm error Missing: unrs-resolver@1.11.1 from lock file\nnpm error Missing: emittery@0.13.1 from lock file\nnpm error Missing: jest-leak-detector@30.2.0 from lock file\nnpm error Missing: source-map-support@0.5.13 from lock file\nnpm error Missing: @jest/globals@30.2.0 from lock file\nnpm error Missing: @jest/source-map@30.0.1 from lock file\nnpm error Missing: cjs-module-lexer@2.1.0 from lock file\nnpm error Missing: strip-bom@4.0.0 from lock file\nnpm error Missing: @babel/plugin-syntax-jsx@7.27.1 from lock file\nnpm error Missing: @babel/plugin-syntax-typescript@7.27.1 from lock file\nnpm error Missing: @jest/snapshot-utils@30.2.0 from lock file\nnpm error Missing: semver@7.7.3 from lock file\nnpm error Missing: synckit@0.11.11 from lock file\nnpm error Missing: picomatch@4.0.3 from lock file\nnpm error Missing: camelcase@6.3.0 from lock file\nnpm error Missing: leven@3.1.0 from lock file\nnpm error Missing: supports-color@8.1.1 from lock file\nnpm error Missing: yallist@3.1.1 from lock file\nnpm error Missing: semver@7.7.3 from lock file\nnpm error Missing: braces@3.0.3 from lock file\nnpm error Missing: fill-range@7.1.1 from lock file\nnpm error Missing: to-regex-range@5.0.1 from lock file\nnpm error Missing: mimic-fn@2.1.0 from lock file\nnpm error Missing: error-ex@1.3.4 from lock file\nnpm error Missing: json-parse-even-better-errors@2.3.1 from lock file\nnpm error Missing: lines-and-columns@1.2.4 from lock file\nnpm error Missing: is-arrayish@0.2.1 from lock file\nnpm error Missing: lru-cache@10.4.3 from lock file\nnpm error Missing: find-up@4.1.0 from lock file\nnpm error Missing: ansi-styles@5.2.0 from lock file\nnpm error Missing: react-is@18.3.1 from lock file\nnpm error Missing: resolve-from@5.0.0 from lock file\nnpm error Missing: buffer-from@1.1.2 from lock file\nnpm error Missing: source-map@0.6.1 from lock file\nnpm error Missing: escape-string-regexp@2.0.0 from lock file\nnpm error Missing: char-regex@1.0.2 from lock file\nnpm error Missing: eastasianwidth@0.2.0 from lock file\nnpm error Missing: emoji-regex@9.2.2 from lock file\nnpm error Missing: strip-ansi@7.1.2 from lock file\nnpm error Missing: emoji-regex@8.0.0 from lock file\nnpm error Missing: @pkgr/core@0.2.9 from lock file\nnpm error Missing: glob@7.2.3 from lock file\nnpm error Missing: is-number@7.0.0 from lock file\nnpm error Missing: @unrs/resolver-binding-android-arm-eabi@1.11.1 from lock file\nnpm error Missing: @unrs/resolver-binding-android-arm64@1.11.1 from lock file\nnpm error Missing: @unrs/resolver-binding-darwin-arm64@1.11.1 from lock file\nnpm error Missing: @unrs/resolver-binding-darwin-x64@1.11.1 from lock file\nnpm error Missing: @unrs/resolver-binding-freebsd-x64@1.11.1 from lock file\nnpm error Missing: @unrs/resolver-binding-linux-arm-gnueabihf@1.11.1 from lock file\nnpm error Missing: @unrs/resolver-binding-linux-arm-musleabihf@1.11.1 from lock file\nnpm error Missing: @unrs/resolver-binding-linux-arm64-gnu@1.11.1 from lock file\nnpm error Missing: @unrs/resolver-binding-linux-arm64-musl@1.11.1 from lock file\nnpm error Missing: @unrs/resolver-binding-linux-ppc64-gnu@1.11.1 from lock file\nnpm error Missing: @unrs/resolver-binding-linux-riscv64-gnu@1.11.1 from lock file\nnpm error Missing: @unrs/resolver-binding-linux-riscv64-musl@1.11.1 from lock file\nnpm error Missing: @unrs/resolver-binding-linux-s390x-gnu@1.11.1 from lock file\nnpm error Missing: @unrs/resolver-binding-linux-x64-gnu@1.11.1 from lock file\nnpm error Missing: @unrs/resolver-binding-linux-x64-musl@1.11.1 from lock file\nnpm error Missing: @unrs/resolver-binding-wasm32-wasi@1.11.1 from lock file\nnpm error Missing: @unrs/resolver-binding-win32-arm64-msvc@1.11.1 from lock file\nnpm error Missing: @unrs/resolver-binding-win32-ia32-msvc@1.11.1 from lock file\nnpm error Missing: @unrs/resolver-binding-win32-x64-msvc@1.11.1 from lock file\nnpm error Missing: napi-postinstall@0.3.4 from lock file\nnpm error Missing: @napi-rs/wasm-runtime@0.2.12 from lock file\nnpm error Missing: @emnapi/core@1.6.0 from lock file\nnpm error Missing: @emnapi/runtime@1.6.0 from lock file\nnpm error Missing: @tybys/wasm-util@0.10.1 from lock file\nnpm error Missing: @emnapi/wasi-threads@1.1.0 from lock file\nnpm error Missing: makeerror@1.0.12 from lock file\nnpm error Missing: tmpl@1.0.5 from lock file\nnpm error Missing: ansi-styles@6.2.3 from lock file\nnpm error Missing: strip-ansi@7.1.2 from lock file\nnpm error Missing: string-width@4.2.3 from lock file\nnpm error Missing: ansi-regex@6.2.2 from lock file\nnpm error Missing: locate-path@5.0.0 from lock file\nnpm error Missing: argparse@1.0.10 from lock file\nnpm error Missing: esprima@4.0.1 from lock file\nnpm error Missing: sprintf-js@1.0.3 from lock file\nnpm error Missing: p-locate@4.1.0 from lock file\nnpm error Missing: p-limit@2.3.0 from lock file\nnpm error Missing: p-try@2.2.0 from lock file\nnpm error Missing: brace-expansion@2.0.2 from lock file\nnpm error Missing: locate-path@5.0.0 from lock file\nnpm error Missing: p-locate@4.1.0 from lock file\nnpm error Missing: p-limit@2.3.0 from lock file\nnpm error Missing: ansi-regex@6.2.2 from lock file\nnpm error Missing: emoji-regex@8.0.0 from lock file\nnpm error Missing: ansi-regex@6.2.2 from lock file\nnpm error\nnpm error Clean install a project\nnpm error\nnpm error Usage:\nnpm error npm ci\nnpm error\nnpm error Options:\nnpm error [--install-strategy <hoisted|nested|shallow|linked>] [--legacy-bundling]\nnpm error [--global-style] [--omit <dev|optional|peer> [--omit <dev|optional|peer> ...]]\nnpm error [--include <prod|dev|optional|peer> [--include <prod|dev|optional|peer> ...]]\nnpm error [--strict-peer-deps] [--foreground-scripts] [--ignore-scripts] [--no-audit]\nnpm error [--no-bin-links] [--no-fund] [--dry-run]\nnpm error [-w|--workspace <workspace-name> [-w|--workspace <workspace-name> ...]]\nnpm error [-ws|--workspaces] [--include-workspace-root] [--install-links]\nnpm error\nnpm error aliases: clean-install, ic, install-clean, isntall-clean\nnpm error\nnpm error Run \"npm help ci\" for more info\nnpm error A complete log of this run can be found in: /www-data-home/.npm/_logs/2025-10-22T17_17_19_979Z-debug-0.log; Error ID: 7fa33aaa",
    "original": {
      "code": 3,
      "message": "Build failed: npm error code EUSAGE\nnpm error\nnpm error `npm ci` can only install packages when your package.json and package-lock.json or npm-shrinkwrap.json are in sync. Please update your lock file with `npm install` before continuing.\nnpm error\nnpm error Missing: jest@30.2.0 from lock file\nnpm error Missing: @jest/core@30.2.0 from lock file\nnpm error Missing: @jest/types@30.2.0 from lock file\nnpm error Missing: import-local@3.2.0 from lock file\nnpm error Missing: jest-cli@30.2.0 from lock file\nnpm error Missing: @jest/console@30.2.0 from lock file\nnpm error Missing: @jest/pattern@30.0.1 from lock file\nnpm error Missing: @jest/reporters@30.2.0 from lock file\nnpm error Missing: @jest/test-result@30.2.0 from lock file\nnpm error Missing: @jest/transform@30.2.0 from lock file\nnpm error Missing: ansi-escapes@4.3.2 from lock file\nnpm error Missing: ci-info@4.3.1 from lock file\nnpm error Missing: exit-x@0.2.2 from lock file\nnpm error Missing: graceful-fs@4.2.11 from lock file\nnpm error Missing: jest-changed-files@30.2.0 from lock file\nnpm error Missing: jest-config@30.2.0 from lock file\nnpm error Missing: jest-haste-map@30.2.0 from lock file\nnpm error Missing: jest-message-util@30.2.0 from lock file\nnpm error Missing: jest-regex-util@30.0.1 from lock file\nnpm error Missing: jest-resolve@30.2.0 from lock file\nnpm error Missing: jest-resolve-dependencies@30.2.0 from lock file\nnpm error Missing: jest-runner@30.2.0 from lock file\nnpm error Missing: jest-runtime@30.2.0 from lock file\nnpm error Missing: jest-snapshot@30.2.0 from lock file\nnpm error Missing: jest-util@30.2.0 from lock file\nnpm error Missing: jest-validate@30.2.0 from lock file\nnpm error Missing: jest-watcher@30.2.0 from lock file\nnpm error Missing: micromatch@4.0.8 from lock file\nnpm error Missing: pretty-format@30.2.0 from lock file\nnpm error Missing: slash@3.0.0 from lock file\nnpm error Missing: @bcoe/v8-coverage@0.2.3 from lock file\nnpm error Missing: @jridgewell/trace-mapping@0.3.31 from lock file\nnpm error Missing: collect-v8-coverage@1.0.3 from lock file\nnpm error Missing: glob@10.4.5 from lock file\nnpm error Missing: istanbul-lib-coverage@3.2.2 from lock file\nnpm error Missing: istanbul-lib-instrument@6.0.3 from lock file\nnpm error Missing: istanbul-lib-report@3.0.1 from lock file\nnpm error Missing: istanbul-lib-source-maps@5.0.6 from lock file\nnpm error Missing: istanbul-reports@3.2.0 from lock file\nnpm error Missing: jest-worker@30.2.0 from lock file\nnpm error Missing: string-length@4.0.2 from lock file\nnpm error Missing: v8-to-istanbul@9.3.0 from lock file\nnpm error Missing: @types/istanbul-lib-coverage@2.0.6 from lock file\nnpm error Missing: @babel/core@7.28.4 from lock file\nnpm error Missing: babel-plugin-istanbul@7.0.1 from lock file\nnpm error Missing: convert-source-map@2.0.0 from lock file\nnpm error Missing: pirates@4.0.7 from lock file\nnpm error Missing: write-file-atomic@5.0.1 from lock file\nnpm error Missing: @babel/code-frame@7.27.1 from lock file\nnpm error Missing: @babel/generator@7.28.3 from lock file\nnpm error Missing: @babel/helper-compilation-targets@7.27.2 from lock file\nnpm error Missing: @babel/helper-module-transforms@7.28.3 from lock file\nnpm error Missing: @babel/helpers@7.28.4 from lock file\nnpm error Missing: @babel/parser@7.28.4 from lock file\nnpm error Missing: @babel/template@7.27.2 from lock file\nnpm error Missing: @babel/traverse@7.28.4 from lock file\nnpm error Missing: @babel/types@7.28.4 from lock file\nnpm error Missing: @jridgewell/remapping@2.3.5 from lock file\nnpm error Missing: gensync@1.0.0-beta.2 from lock file\nnpm error Missing: json5@2.2.3 from lock file\nnpm error Missing: semver@6.3.1 from lock file\nnpm error Missing: @babel/helper-validator-identifier@7.27.1 from lock file\nnpm error Missing: js-tokens@4.0.0 from lock file\nnpm error Missing: picocolors@1.1.1 from lock file\nnpm error Missing: @jridgewell/gen-mapping@0.3.13 from lock file\nnpm error Missing: jsesc@3.1.0 from lock file\nnpm error Missing: @babel/compat-data@7.28.4 from lock file\nnpm error Missing: @babel/helper-validator-option@7.27.1 from lock file\nnpm error Missing: browserslist@4.27.0 from lock file\nnpm error Missing: lru-cache@5.1.1 from lock file\nnpm error Missing: @babel/helper-module-imports@7.27.1 from lock file\nnpm error Missing: @babel/helper-globals@7.28.0 from lock file\nnpm error Missing: @babel/helper-string-parser@7.27.1 from lock file\nnpm error Missing: @jest/schemas@30.0.5 from lock file\nnpm error Missing: @types/istanbul-reports@3.0.4 from lock file\nnpm error Missing: @types/yargs@17.0.33 from lock file\nnpm error Missing: @sinclair/typebox@0.34.41 from lock file\nnpm error Missing: @jridgewell/sourcemap-codec@1.5.5 from lock file\nnpm error Missing: @jridgewell/resolve-uri@3.1.2 from lock file\nnpm error Missing: @types/istanbul-lib-report@3.0.3 from lock file\nnpm error Missing: @types/yargs-parser@21.0.3 from lock file\nnpm error Missing: type-fest@0.21.3 from lock file\nnpm error Missing: @babel/helper-plugin-utils@7.27.1 from lock file\nnpm error Missing: @istanbuljs/load-nyc-config@1.1.0 from lock file\nnpm error Missing: @istanbuljs/schema@0.1.3 from lock file\nnpm error Missing: test-exclude@6.0.0 from lock file\nnpm error Missing: camelcase@5.3.1 from lock file\nnpm error Missing: find-up@4.1.0 from lock file\nnpm error Missing: get-package-type@0.1.0 from lock file\nnpm error Missing: js-yaml@3.14.1 from lock file\nnpm error Missing: resolve-from@5.0.0 from lock file\nnpm error Missing: baseline-browser-mapping@2.8.19 from lock file\nnpm error Missing: caniuse-lite@1.0.30001751 from lock file\nnpm error Missing: electron-to-chromium@1.5.238 from lock file\nnpm error Missing: node-releases@2.0.26 from lock file\nnpm error Missing: update-browserslist-db@1.1.4 from lock file\nnpm error Missing: foreground-child@3.3.1 from lock file\nnpm error Missing: jackspeak@3.4.3 from lock file\nnpm error Missing: minimatch@9.0.5 from lock file\nnpm error Missing: minipass@7.1.2 from lock file\nnpm error Missing: package-json-from-dist@1.0.1 from lock file\nnpm error Missing: path-scurry@1.11.1 from lock file\nnpm error Missing: signal-exit@4.1.0 from lock file\nnpm error Missing: pkg-dir@4.2.0 from lock file\nnpm error Missing: resolve-cwd@3.0.0 from lock file\nnpm error Missing: semver@7.7.3 from lock file\nnpm error Missing: make-dir@4.0.0 from lock file\nnpm error Missing: html-escaper@2.0.2 from lock file\nnpm error Missing: @isaacs/cliui@8.0.2 from lock file\nnpm error Missing: @pkgjs/parseargs@0.11.0 from lock file\nnpm error Missing: string-width@5.1.2 from lock file\nnpm error Missing: string-width-cjs@4.2.3 from lock file\nnpm error Missing: strip-ansi@7.1.2 from lock file\nnpm error Missing: strip-ansi-cjs@6.0.1 from lock file\nnpm error Missing: wrap-ansi@8.1.0 from lock file\nnpm error Missing: wrap-ansi-cjs@7.0.0 from lock file\nnpm error Missing: execa@5.1.1 from lock file\nnpm error Missing: get-stream@6.0.1 from lock file\nnpm error Missing: human-signals@2.1.0 from lock file\nnpm error Missing: merge-stream@2.0.0 from lock file\nnpm error Missing: npm-run-path@4.0.1 from lock file\nnpm error Missing: onetime@5.1.2 from lock file\nnpm error Missing: signal-exit@3.0.7 from lock file\nnpm error Missing: strip-final-newline@2.0.0 from lock file\nnpm error Missing: @jest/get-type@30.1.0 from lock file\nnpm error Missing: @jest/test-sequencer@30.2.0 from lock file\nnpm error Missing: babel-jest@30.2.0 from lock file\nnpm error Missing: deepmerge@4.3.1 from lock file\nnpm error Missing: jest-circus@30.2.0 from lock file\nnpm error Missing: jest-docblock@30.2.0 from lock file\nnpm error Missing: jest-environment-node@30.2.0 from lock file\nnpm error Missing: parse-json@5.2.0 from lock file\nnpm error Missing: @types/babel__core@7.20.5 from lock file\nnpm error Missing: babel-preset-jest@30.2.0 from lock file\nnpm error Missing: @types/babel__generator@7.27.0 from lock file\nnpm error Missing: @types/babel__template@7.4.4 from lock file\nnpm error Missing: @types/babel__traverse@7.28.0 from lock file\nnpm error Missing: babel-plugin-jest-hoist@30.2.0 from lock file\nnpm error Missing: babel-preset-current-node-syntax@1.2.0 from lock file\nnpm error Missing: @babel/plugin-syntax-async-generators@7.8.4 from lock file\nnpm error Missing: @babel/plugin-syntax-bigint@7.8.3 from lock file\nnpm error Missing: @babel/plugin-syntax-class-properties@7.12.13 from lock file\nnpm error Missing: @babel/plugin-syntax-class-static-block@7.14.5 from lock file\nnpm error Missing: @babel/plugin-syntax-import-attributes@7.27.1 from lock file\nnpm error Missing: @babel/plugin-syntax-import-meta@7.10.4 from lock file\nnpm error Missing: @babel/plugin-syntax-json-strings@7.8.3 from lock file\nnpm error Missing: @babel/plugin-syntax-logical-assignment-operators@7.10.4 from lock file\nnpm error Missing: @babel/plugin-syntax-nullish-coalescing-operator@7.8.3 from lock file\nnpm error Missing: @babel/plugin-syntax-numeric-separator@7.10.4 from lock file\nnpm error Missing: @babel/plugin-syntax-object-rest-spread@7.8.3 from lock file\nnpm error Missing: @babel/plugin-syntax-optional-catch-binding@7.8.3 from lock file\nnpm error Missing: @babel/plugin-syntax-optional-chaining@7.8.3 from lock file\nnpm error Missing: @babel/plugin-syntax-private-property-in-object@7.14.5 from lock file\nnpm error Missing: @babel/plugin-syntax-top-level-await@7.14.5 from lock file\nnpm error Missing: @jest/environment@30.2.0 from lock file\nnpm error Missing: @jest/expect@30.2.0 from lock file\nnpm error Missing: co@4.6.0 from lock file\nnpm error Missing: dedent@1.7.0 from lock file\nnpm error Missing: is-generator-fn@2.1.0 from lock file\nnpm error Missing: jest-each@30.2.0 from lock file\nnpm error Missing: jest-matcher-utils@30.2.0 from lock file\nnpm error Missing: pure-rand@7.0.1 from lock file\nnpm error Missing: stack-utils@2.0.6 from lock file\nnpm error Missing: @jest/fake-timers@30.2.0 from lock file\nnpm error Missing: jest-mock@30.2.0 from lock file\nnpm error Missing: expect@30.2.0 from lock file\nnpm error Missing: @sinonjs/fake-timers@13.0.5 from lock file\nnpm error Missing: @sinonjs/commons@3.0.1 from lock file\nnpm error Missing: type-detect@4.0.8 from lock file\nnpm error Missing: @jest/expect-utils@30.2.0 from lock file\nnpm error Missing: detect-newline@3.1.0 from lock file\nnpm error Missing: anymatch@3.1.3 from lock file\nnpm error Missing: fb-watchman@2.0.2 from lock file\nnpm error Missing: fsevents@2.3.3 from lock file\nnpm error Missing: walker@1.0.8 from lock file\nnpm error Missing: normalize-path@3.0.0 from lock file\nnpm error Missing: picomatch@2.3.1 from lock file\nnpm error Missing: bser@2.1.1 from lock file\nnpm error Missing: node-int64@0.4.0 from lock file\nnpm error Missing: jest-diff@30.2.0 from lock file\nnpm error Missing: @jest/diff-sequences@30.0.1 from lock file\nnpm error Missing: @types/stack-utils@2.0.3 from lock file\nnpm error Missing: jest-pnp-resolver@1.2.3 from lock file\nnpm error Missing: unrs-resolver@1.11.1 from lock file\nnpm error Missing: emittery@0.13.1 from lock file\nnpm error Missing: jest-leak-detector@30.2.0 from lock file\nnpm error Missing: source-map-support@0.5.13 from lock file\nnpm error Missing: @jest/globals@30.2.0 from lock file\nnpm error Missing: @jest/source-map@30.0.1 from lock file\nnpm error Missing: cjs-module-lexer@2.1.0 from lock file\nnpm error Missing: strip-bom@4.0.0 from lock file\nnpm error Missing: @babel/plugin-syntax-jsx@7.27.1 from lock file\nnpm error Missing: @babel/plugin-syntax-typescript@7.27.1 from lock file\nnpm error Missing: @jest/snapshot-utils@30.2.0 from lock file\nnpm error Missing: semver@7.7.3 from lock file\nnpm error Missing: synckit@0.11.11 from lock file\nnpm error Missing: picomatch@4.0.3 from lock file\nnpm error Missing: camelcase@6.3.0 from lock file\nnpm error Missing: leven@3.1.0 from lock file\nnpm error Missing: supports-color@8.1.1 from lock file\nnpm error Missing: yallist@3.1.1 from lock file\nnpm error Missing: semver@7.7.3 from lock file\nnpm error Missing: braces@3.0.3 from lock file\nnpm error Missing: fill-range@7.1.1 from lock file\nnpm error Missing: to-regex-range@5.0.1 from lock file\nnpm error Missing: mimic-fn@2.1.0 from lock file\nnpm error Missing: error-ex@1.3.4 from lock file\nnpm error Missing: json-parse-even-better-errors@2.3.1 from lock file\nnpm error Missing: lines-and-columns@1.2.4 from lock file\nnpm error Missing: is-arrayish@0.2.1 from lock file\nnpm error Missing: lru-cache@10.4.3 from lock file\nnpm error Missing: find-up@4.1.0 from lock file\nnpm error Missing: ansi-styles@5.2.0 from lock file\nnpm error Missing: react-is@18.3.1 from lock file\nnpm error Missing: resolve-from@5.0.0 from lock file\nnpm error Missing: buffer-from@1.1.2 from lock file\nnpm error Missing: source-map@0.6.1 from lock file\nnpm error Missing: escape-string-regexp@2.0.0 from lock file\nnpm error Missing: char-regex@1.0.2 from lock file\nnpm error Missing: eastasianwidth@0.2.0 from lock file\nnpm error Missing: emoji-regex@9.2.2 from lock file\nnpm error Missing: strip-ansi@7.1.2 from lock file\nnpm error Missing: emoji-regex@8.0.0 from lock file\nnpm error Missing: @pkgr/core@0.2.9 from lock file\nnpm error Missing: glob@7.2.3 from lock file\nnpm error Missing: is-number@7.0.0 from lock file\nnpm error Missing: @unrs/resolver-binding-android-arm-eabi@1.11.1 from lock file\nnpm error Missing: @unrs/resolver-binding-android-arm64@1.11.1 from lock file\nnpm error Missing: @unrs/resolver-binding-darwin-arm64@1.11.1 from lock file\nnpm error Missing: @unrs/resolver-binding-darwin-x64@1.11.1 from lock file\nnpm error Missing: @unrs/resolver-binding-freebsd-x64@1.11.1 from lock file\nnpm error Missing: @unrs/resolver-binding-linux-arm-gnueabihf@1.11.1 from lock file\nnpm error Missing: @unrs/resolver-binding-linux-arm-musleabihf@1.11.1 from lock file\nnpm error Missing: @unrs/resolver-binding-linux-arm64-gnu@1.11.1 from lock file\nnpm error Missing: @unrs/resolver-binding-linux-arm64-musl@1.11.1 from lock file\nnpm error Missing: @unrs/resolver-binding-linux-ppc64-gnu@1.11.1 from lock file\nnpm error Missing: @unrs/resolver-binding-linux-riscv64-gnu@1.11.1 from lock file\nnpm error Missing: @unrs/resolver-binding-linux-riscv64-musl@1.11.1 from lock file\nnpm error Missing: @unrs/resolver-binding-linux-s390x-gnu@1.11.1 from lock file\nnpm error Missing: @unrs/resolver-binding-linux-x64-gnu@1.11.1 from lock file\nnpm error Missing: @unrs/resolver-binding-linux-x64-musl@1.11.1 from lock file\nnpm error Missing: @unrs/resolver-binding-wasm32-wasi@1.11.1 from lock file\nnpm error Missing: @unrs/resolver-binding-win32-arm64-msvc@1.11.1 from lock file\nnpm error Missing: @unrs/resolver-binding-win32-ia32-msvc@1.11.1 from lock file\nnpm error Missing: @unrs/resolver-binding-win32-x64-msvc@1.11.1 from lock file\nnpm error Missing: napi-postinstall@0.3.4 from lock file\nnpm error Missing: @napi-rs/wasm-runtime@0.2.12 from lock file\nnpm error Missing: @emnapi/core@1.6.0 from lock file\nnpm error Missing: @emnapi/runtime@1.6.0 from lock file\nnpm error Missing: @tybys/wasm-util@0.10.1 from lock file\nnpm error Missing: @emnapi/wasi-threads@1.1.0 from lock file\nnpm error Missing: makeerror@1.0.12 from lock file\nnpm error Missing: tmpl@1.0.5 from lock file\nnpm error Missing: ansi-styles@6.2.3 from lock file\nnpm error Missing: strip-ansi@7.1.2 from lock file\nnpm error Missing: string-width@4.2.3 from lock file\nnpm error Missing: ansi-regex@6.2.2 from lock file\nnpm error Missing: locate-path@5.0.0 from lock file\nnpm error Missing: argparse@1.0.10 from lock file\nnpm error Missing: esprima@4.0.1 from lock file\nnpm error Missing: sprintf-js@1.0.3 from lock file\nnpm error Missing: p-locate@4.1.0 from lock file\nnpm error Missing: p-limit@2.3.0 from lock file\nnpm error Missing: p-try@2.2.0 from lock file\nnpm error Missing: brace-expansion@2.0.2 from lock file\nnpm error Missing: locate-path@5.0.0 from lock file\nnpm error Missing: p-locate@4.1.0 from lock file\nnpm error Missing: p-limit@2.3.0 from lock file\nnpm error Missing: ansi-regex@6.2.2 from lock file\nnpm error Missing: emoji-regex@8.0.0 from lock file\nnpm error Missing: ansi-regex@6.2.2 from lock file\nnpm error\nnpm error Clean install a project\nnpm error\nnpm error Usage:\nnpm error npm ci\nnpm error\nnpm error Options:\nnpm error [--install-strategy <hoisted|nested|shallow|linked>] [--legacy-bundling]\nnpm error [--global-style] [--omit <dev|optional|peer> [--omit <dev|optional|peer> ...]]\nnpm error [--include <prod|dev|optional|peer> [--include <prod|dev|optional|peer> ...]]\nnpm error [--strict-peer-deps] [--foreground-scripts] [--ignore-scripts] [--no-audit]\nnpm error [--no-bin-links] [--no-fund] [--dry-run]\nnpm error [-w|--workspace <workspace-name> [-w|--workspace <workspace-name> ...]]\nnpm error [-ws|--workspaces] [--include-workspace-root] [--install-links]\nnpm error\nnpm error aliases: clean-install, ic, install-clean, isntall-clean\nnpm error\nnpm error Run \"npm help ci\" for more info\nnpm error A complete log of this run can be found in: /www-data-home/.npm/_logs/2025-10-22T17_17_19_979Z-debug-0.log; Error ID: 7fa33aaa"
    },
    "status": 3,
    "code": 3
  }
}
[debug] [2025-10-22T17:17:52.994Z] Error: Failed to update function adminUpload in region us-central1
    at C:\Users\smuno\AppData\Roaming\npm\node_modules\firebase-tools\lib\deploy\functions\release\fabricator.js:52:11
    at process.processTicksAndRejections (node:internal/process/task_queues:105:5)
    at async Fabricator.updateV1Function (C:\Users\smuno\AppData\Roaming\npm\node_modules\firebase-tools\lib\deploy\functions\release\fabricator.js:364:32)
    at async Fabricator.updateEndpoint (C:\Users\smuno\AppData\Roaming\npm\node_modules\firebase-tools\lib\deploy\functions\release\fabricator.js:157:13)
    at async handle (C:\Users\smuno\AppData\Roaming\npm\node_modules\firebase-tools\lib\deploy\functions\release\fabricator.js:89:17)
[error] 
[error] Error: There was an error deploying functions
